#datatype measurement,tag,field,field,field,field,field,tag,dateTime:RFC3339
#group false,FALSE,FALSE,FALSE,FALSE,FALSE,FALSE,FALSE,false
m,location,wind_avg,precip,temp_avg,temp_max,temp_min,id,time
weather,Hayward,2.24,0,50,57,44,1577836800000000000,2023-11-05T00:00:00Z
weather,Hayward,3.8,0,51,60,44,1577923200000000000,2023-11-05T00:01:00Z
weather,Hayward,3.13,0,50,62,41,1578009600000000000,2023-11-05T00:02:00Z
weather,Hayward,4.47,0,51,59,43,1578096000000000000,2023-11-05T00:03:00Z
weather,Hayward,3.8,0,48,59,37,1578182400000000000,2023-11-05T00:04:00Z
weather,Hayward,3.8,0,49,60,38,1578268800000000000,2023-11-05T00:05:00Z
weather,Hayward,5.14,0,48,58,39,1578355200000000000,2023-11-05T00:06:00Z
weather,Hayward,5.14,0,51,57,42,1578441600000000000,2023-11-05T00:07:00Z
weather,Hayward,7.16,0.17,51,56,42,1578528000000000000,2023-11-05T00:08:00Z
weather,Hayward,4.92,0,47,58,39,1578614400000000000,2023-11-05T00:09:00Z
weather,Hayward,5.14,0.02,50,58,42,1578700800000000000,2023-11-05T00:10:00Z
weather,Hayward,5.59,0.01,46,55,37,1578787200000000000,2023-11-05T00:11:00Z
weather,Hayward,8.05,0.07,49,56,43,1578873600000000000,2023-11-05T00:12:00Z
weather,Hayward,5.14,0.05,52,55,42,1578960000000000000,2023-11-05T00:13:00Z
weather,Hayward,4.92,0,45,52,38,1579046400000000000,2023-11-05T00:14:00Z
weather,Hayward,11.41,0.79,48,52,43,1579132800000000000,2023-11-05T00:15:00Z
weather,Hayward,4.92,0,45,55,38,1579219200000000000,2023-11-05T00:16:00Z
weather,Hayward,6.93,0,48,58,43,1579305600000000000,2023-11-05T00:17:00Z
weather,Hayward,5.82,0,48,54,40,1579392000000000000,2023-11-05T00:18:00Z
weather,Hayward,3.13,0,49,56,45,1579478400000000000,2023-11-05T00:19:00Z
weather,Hayward,8.28,0.08,52,59,45,1579564800000000000,2023-11-05T00:20:00Z
weather,Hayward,4.03,0.01,55,60,51,1579651200000000000,2023-11-05T00:21:00Z
weather,Hayward,2.68,0,53,59,47,1579737600000000000,2023-11-05T00:22:00Z
weather,Hayward,2.68,0,53,63,45,1579824000000000000,2023-11-05T00:23:00Z
weather,Hayward,2.68,0.01,56,64,51,1579910400000000000,2023-11-05T00:24:00Z
weather,Hayward,6.04,0.18,58,60,47,1579996800000000000,2023-11-05T00:25:00Z
weather,Hayward,3.8,0,51,59,44,1580083200000000000,2023-11-05T00:26:00Z
weather,Hayward,4.7,0.01,54,60,47,1580169600000000000,2023-11-05T00:27:00Z
weather,Hayward,4.25,0,51,60,43,1580256000000000000,2023-11-05T00:28:00Z
weather,Hayward,3.58,0,53,61,47,1580342400000000000,2023-11-05T00:29:00Z
weather,Hayward,3.58,0,53,66,47,1580428800000000000,2023-11-05T00:30:00Z
weather,Hayward,4.03,0,56,65,45,1580515200000000000,2023-11-05T00:31:00Z
weather,Hayward,11.86,0,54,58,43,1580601600000000000,2023-11-05T00:32:00Z
weather,Hayward,7.61,0,46,57,35,1580688000000000000,2023-11-05T00:33:00Z
weather,Hayward,6.71,0,48,57,37,1580774400000000000,2023-11-05T00:34:00Z
weather,Hayward,4.03,0,46,60,37,1580860800000000000,2023-11-05T00:35:00Z
weather,Hayward,2.46,0,51,64,41,1580947200000000000,2023-11-05T00:36:00Z
weather,Hayward,3.8,0,53,66,41,1581033600000000000,2023-11-05T00:37:00Z
weather,Hayward,4.47,0,52,59,45,1581120000000000000,2023-11-05T00:38:00Z
weather,Hayward,17,0,53,63,42,1581206400000000000,2023-11-05T00:39:00Z
weather,Hayward,4.92,0,57,74,43,1581292800000000000,2023-11-05T00:40:00Z
weather,Hayward,4.47,0,60,72,48,1581379200000000000,2023-11-05T00:41:00Z
weather,Hayward,4.25,0,55,67,43,1581465600000000000,2023-11-05T00:42:00Z
weather,Hayward,6.26,0,51,57,44,1581552000000000000,2023-11-05T00:43:00Z
weather,Hayward,4.92,0,52,58,47,1581638400000000000,2023-11-05T00:44:00Z
weather,Hayward,4.47,0,52,63,42,1581724800000000000,2023-11-05T00:45:00Z
weather,Hayward,5.59,0,53,60,46,1581811200000000000,2023-11-05T00:46:00Z
weather,Hayward,4.47,0,53,70,43,1581897600000000000,2023-11-05T00:47:00Z
weather,Hayward,3.58,0,55,65,44,1581984000000000000,2023-11-05T00:48:00Z
weather,Hayward,4.25,0,51,64,41,1582070400000000000,2023-11-05T00:49:00Z
weather,Hayward,4.92,0,53,65,44,1582156800000000000,2023-11-05T00:50:00Z
weather,Hayward,4.03,0,58,74,46,1582243200000000000,2023-11-05T00:51:00Z
weather,Hayward,8.95,0,58,61,50,1582329600000000000,2023-11-05T00:52:00Z
weather,Hayward,8.5,0,53,59,48,1582416000000000000,2023-11-05T00:53:00Z
weather,Hayward,4.92,0,53,67,44,1582502400000000000,2023-11-05T00:54:00Z
weather,Hayward,4.25,0,57,77,43,1582588800000000000,2023-11-05T00:55:00Z
weather,Hayward,3.8,0,60,74,47,1582675200000000000,2023-11-05T00:56:00Z
weather,Hayward,4.92,0,60,74,49,1582761600000000000,2023-11-05T00:57:00Z
weather,Hayward,4.92,0,62,73,51,1582848000000000000,2023-11-05T00:58:00Z
weather,Hayward,12.3,0,54,58,49,1582934400000000000,2023-11-05T00:59:00Z
weather,Hayward,8.5,0,51,60,42,1583020800000000000,2023-11-05T01:00:00Z
weather,Hayward,8.95,0,59,73,47,1583107200000000000,2023-11-05T01:01:00Z
weather,Hayward,6.26,0,62,76,47,1583193600000000000,2023-11-05T01:02:00Z
weather,Hayward,5.37,0,60,77,48,1583280000000000000,2023-11-05T01:03:00Z
weather,Hayward,5.82,0,57,65,48,1583366400000000000,2023-11-05T01:04:00Z
weather,Hayward,8.28,0,56,61,50,1583452800000000000,2023-11-05T01:05:00Z
weather,Hayward,6.49,0.23,52,55,49,1583539200000000000,2023-11-05T01:06:00Z
weather,Hayward,4.92,0,52,60,45,1583625600000000000,2023-11-05T01:07:00Z
weather,Hayward,5.37,0,55,66,47,1583712000000000000,2023-11-05T01:08:00Z
weather,Hayward,5.14,0.01,59,70,52,1583798400000000000,2023-11-05T01:09:00Z
weather,Hayward,6.49,0.01,61,70,52,1583884800000000000,2023-11-05T01:10:00Z
weather,Hayward,5.37,0,57,70,47,1583971200000000000,2023-11-05T01:11:00Z
weather,Hayward,9.62,0,56,66,46,1584057600000000000,2023-11-05T01:12:00Z
weather,Hayward,8.72,0.48,53,54,49,1584144000000000000,2023-11-05T01:13:00Z
weather,Hayward,9.17,0.44,51,54,46,1584230400000000000,2023-11-05T01:14:00Z
weather,Hayward,7.16,0.24,47,56,42,1584316800000000000,2023-11-05T01:15:00Z
weather,Hayward,5.82,0,48,57,40,1584403200000000000,2023-11-05T01:16:00Z
weather,Hayward,6.49,0,49,55,45,1584489600000000000,2023-11-05T01:17:00Z
weather,Hayward,5.82,0,52,61,45,1584576000000000000,2023-11-05T01:18:00Z
weather,Hayward,6.04,0,53,64,43,1584662400000000000,2023-11-05T01:19:00Z
weather,Hayward,4.47,0.01,53,63,45,1584748800000000000,2023-11-05T01:20:00Z
weather,Hayward,5.37,0,56,69,48,1584835200000000000,2023-11-05T01:21:00Z
weather,Hayward,8.05,0,54,55,48,1584921600000000000,2023-11-05T01:22:00Z
weather,Hayward,7.83,0.07,52,58,48,1585008000000000000,2023-11-05T01:23:00Z
weather,Hayward,8.5,0.03,51,57,43,1585094400000000000,2023-11-05T01:24:00Z
weather,Hayward,6.04,0.04,48,58,37,1585180800000000000,2023-11-05T01:25:00Z
weather,Hayward,8.28,0,50,58,39,1585267200000000000,2023-11-05T01:26:00Z
weather,Hayward,5.59,0.1,53,59,49,1585353600000000000,2023-11-05T01:27:00Z
weather,Hayward,7.16,0.03,55,62,51,1585440000000000000,2023-11-05T01:28:00Z
weather,Hayward,6.93,0,56,63,51,1585526400000000000,2023-11-05T01:29:00Z
weather,Hayward,7.38,0,56,64,49,1585612800000000000,2023-11-05T01:30:00Z
weather,Hayward,6.71,0,54,61,47,1585699200000000000,2023-11-05T01:31:00Z
weather,Hayward,8.5,0,53,65,41,1585785600000000000,2023-11-05T01:32:00Z
weather,Hayward,8.95,0,53,61,44,1585872000000000000,2023-11-05T01:33:00Z
weather,Hayward,9.4,0.42,53,60,49,1585958400000000000,2023-11-05T01:34:00Z
weather,Hayward,6.93,0.41,53,55,46,1586044800000000000,2023-11-05T01:35:00Z
weather,Hayward,3.58,0.41,48,52,43,1586131200000000000,2023-11-05T01:36:00Z
weather,Hayward,7.38,0,49,63,39,1586217600000000000,2023-11-05T01:37:00Z
weather,Hayward,6.26,0,55,62,47,1586304000000000000,2023-11-05T01:38:00Z
weather,Hayward,6.93,0,57,64,54,1586390400000000000,2023-11-05T01:39:00Z
weather,Hayward,8.28,0,58,64,53,1586476800000000000,2023-11-05T01:40:00Z
weather,Hayward,8.5,0,55,60,52,1586563200000000000,2023-11-05T01:41:00Z
weather,Hayward,7.16,0,56,62,53,1586649600000000000,2023-11-05T01:42:00Z
weather,Hayward,6.26,0,57,68,51,1586736000000000000,2023-11-05T01:43:00Z
weather,Hayward,6.26,0,59,77,46,1586822400000000000,2023-11-05T01:44:00Z
weather,Hayward,7.16,0,62,77,49,1586908800000000000,2023-11-05T01:45:00Z
weather,Hayward,8.5,0,57,62,54,1586995200000000000,2023-11-05T01:46:00Z
weather,Hayward,9.17,0,56,62,54,1587081600000000000,2023-11-05T01:47:00Z
weather,Hayward,8.5,0,58,64,54,1587168000000000000,2023-11-05T01:48:00Z
weather,Hayward,8.05,0,57,65,52,1587254400000000000,2023-11-05T01:49:00Z
weather,Hayward,10.29,0,57,63,54,1587340800000000000,2023-11-05T01:50:00Z
weather,Hayward,9.17,0,56,65,54,1587427200000000000,2023-11-05T01:51:00Z
weather,Hayward,7.16,0,59,71,51,1587513600000000000,2023-11-05T01:52:00Z
weather,Hayward,6.71,0,61,70,56,1587600000000000000,2023-11-05T01:53:00Z
weather,Hayward,4.03,0,63,76,52,1587686400000000000,2023-11-05T01:54:00Z
weather,Hayward,4.92,0,65,78,54,1587772800000000000,2023-11-05T01:55:00Z
weather,Hayward,5.82,0,60,67,53,1587859200000000000,2023-11-05T01:56:00Z
weather,Hayward,6.71,0,60,72,52,1587945600000000000,2023-11-05T01:57:00Z
weather,Hayward,6.04,0,64,77,56,1588032000000000000,2023-11-05T01:58:00Z
weather,Hayward,8.05,0,59,65,55,1588118400000000000,2023-11-05T01:59:00Z
weather,Hayward,7.61,0,59,69,54,1588204800000000000,2023-11-05T02:00:00Z
weather,Hayward,8.72,0,59,71,50,1588291200000000000,2023-11-05T02:01:00Z
weather,Hayward,8.5,0,61,70,55,1588377600000000000,2023-11-05T02:02:00Z
weather,Hayward,8.5,0,60,67,51,1588464000000000000,2023-11-05T02:03:00Z
weather,Hayward,6.93,0,59,74,48,1588550400000000000,2023-11-05T02:04:00Z
weather,Hayward,9.17,0,60,70,48,1588636800000000000,2023-11-05T02:05:00Z
weather,Hayward,6.93,0,62,77,51,1588723200000000000,2023-11-05T02:06:00Z
weather,Hayward,5.82,0,66,85,52,1588809600000000000,2023-11-05T02:07:00Z
weather,Hayward,6.04,0,68,88,52,1588896000000000000,2023-11-05T02:08:00Z
weather,Hayward,9.17,0,60,69,51,1588982400000000000,2023-11-05T02:09:00Z
weather,Hayward,8.5,0,60,68,56,1589068800000000000,2023-11-05T02:10:00Z
weather,Hayward,9.17,0,61,77,52,1589155200000000000,2023-11-05T02:11:00Z
weather,Hayward,9.62,0.07,61,67,56,1589241600000000000,2023-11-05T02:12:00Z
weather,Hayward,7.61,0,60,68,51,1589328000000000000,2023-11-05T02:13:00Z
weather,Hayward,6.93,0.04,62,69,57,1589414400000000000,2023-11-05T02:14:00Z
weather,Hayward,9.62,0.02,62,69,56,1589500800000000000,2023-11-05T02:15:00Z
weather,Hayward,8.5,0,62,73,55,1589587200000000000,2023-11-05T02:16:00Z
weather,Hayward,11.18,0.26,67,78,58,1589673600000000000,2023-11-05T02:17:00Z
weather,Hayward,10.51,0.22,62,67,57,1589760000000000000,2023-11-05T02:18:00Z
weather,Hayward,10.96,0.08,60,67,55,1589846400000000000,2023-11-05T02:19:00Z
weather,Hayward,8.95,0,60,69,56,1589932800000000000,2023-11-05T02:20:00Z
weather,Hayward,8.05,0,62,75,55,1590019200000000000,2023-11-05T02:21:00Z
weather,Hayward,9.4,0,60,69,54,1590105600000000000,2023-11-05T02:22:00Z
weather,Hayward,7.16,0,62,76,51,1590192000000000000,2023-11-05T02:23:00Z
weather,Hayward,6.26,0,64,85,53,1590278400000000000,2023-11-05T02:24:00Z
weather,Hayward,6.49,0,73,92,60,1590364800000000000,2023-11-05T02:25:00Z
weather,Hayward,4.7,0,74,92,62,1590451200000000000,2023-11-05T02:26:00Z
weather,Hayward,6.71,0,76,87,57,1590537600000000000,2023-11-05T02:27:00Z
weather,Hayward,8.5,0,64,77,55,1590624000000000000,2023-11-05T02:28:00Z
weather,Hayward,10.51,0,63,73,58,1590710400000000000,2023-11-05T02:29:00Z
weather,Hayward,8.72,0,67,75,60,1590796800000000000,2023-11-05T02:30:00Z
weather,Hayward,7.83,0,63,69,58,1590883200000000000,2023-11-05T02:31:00Z
weather,Hayward,7.16,0,63,74,58,1590969600000000000,2023-11-05T02:32:00Z
weather,Hayward,6.71,0,70,88,58,1591056000000000000,2023-11-05T02:33:00Z
weather,Hayward,6.49,0,77,93,61,1591142400000000000,2023-11-05T02:34:00Z
weather,Hayward,7.38,0,71,85,59,1591228800000000000,2023-11-05T02:35:00Z
weather,Hayward,13.65,0,62,65,58,1591315200000000000,2023-11-05T02:36:00Z
weather,Hayward,14.99,0,61,67,57,1591401600000000000,2023-11-05T02:37:00Z
weather,Hayward,13.65,0,60,67,53,1591488000000000000,2023-11-05T02:38:00Z
weather,Hayward,8.72,0,62,75,50,1591574400000000000,2023-11-05T02:39:00Z
weather,Hayward,6.71,0,66,84,53,1591660800000000000,2023-11-05T02:40:00Z
weather,Hayward,6.04,0,68,83,57,1591747200000000000,2023-11-05T02:41:00Z
weather,Hayward,6.71,0,66,80,58,1591833600000000000,2023-11-05T02:42:00Z
weather,Hayward,13.2,0,63,69,58,1591920000000000000,2023-11-05T02:43:00Z
weather,Hayward,10.96,0,62,69,58,1592006400000000000,2023-11-05T02:44:00Z
weather,Hayward,7.83,0,64,72,60,1592092800000000000,2023-11-05T02:45:00Z
weather,Hayward,9.84,0,64,71,58,1592179200000000000,2023-11-05T02:46:00Z
weather,Hayward,9.17,0,63,72,56,1592265600000000000,2023-11-05T02:47:00Z
weather,Hayward,7.16,0,66,83,54,1592352000000000000,2023-11-05T02:48:00Z
weather,Hayward,7.61,0,73,88,59,1592438400000000000,2023-11-05T02:49:00Z
weather,Hayward,8.5,0,68,77,56,1592524800000000000,2023-11-05T02:50:00Z
weather,Hayward,6.93,0,63,75,57,1592611200000000000,2023-11-05T02:51:00Z
weather,Hayward,7.61,0,64,71,59,1592697600000000000,2023-11-05T02:52:00Z
weather,Hayward,7.38,0,65,79,59,1592784000000000000,2023-11-05T02:53:00Z
weather,Hayward,9.4,0,66,78,58,1592870400000000000,2023-11-05T02:54:00Z
weather,Hayward,8.05,0,66,78,60,1592956800000000000,2023-11-05T02:55:00Z
weather,Hayward,8.95,0,65,75,59,1593043200000000000,2023-11-05T02:56:00Z
weather,Hayward,9.62,0,65,76,58,1593129600000000000,2023-11-05T02:57:00Z
weather,Hayward,9.62,0,65,75,59,1593216000000000000,2023-11-05T02:58:00Z
weather,Hayward,11.86,0,62,70,58,1593302400000000000,2023-11-05T02:59:00Z
weather,Hayward,7.83,0,63,76,54,1593388800000000000,2023-11-05T03:00:00Z
weather,Hayward,6.93,0,68,84,57,1593475200000000000,2023-11-05T03:01:00Z
weather,Hayward,7.61,0,64,75,57,1593561600000000000,2023-11-05T03:02:00Z
weather,Hayward,9.62,0,63,74,57,1593648000000000000,2023-11-05T03:03:00Z
weather,Hayward,7.38,0,63,73,57,1593734400000000000,2023-11-05T03:04:00Z
weather,Hayward,6.04,0,65,82,55,1593820800000000000,2023-11-05T03:05:00Z
weather,Hayward,5.82,0,67,75,58,1593907200000000000,2023-11-05T03:06:00Z
weather,Hayward,11.41,0,63,70,57,1593993600000000000,2023-11-05T03:07:00Z
weather,Hayward,8.72,0,63,76,56,1594080000000000000,2023-11-05T03:08:00Z
weather,Hayward,7.61,0,65,78,56,1594166400000000000,2023-11-05T03:09:00Z
weather,Hayward,5.59,0,65,79,56,1594252800000000000,2023-11-05T03:10:00Z
weather,Hayward,5.82,0,66,79,55,1594339200000000000,2023-11-05T03:11:00Z
weather,Hayward,5.14,0,68,82,58,1594425600000000000,2023-11-05T03:12:00Z
weather,Hayward,6.04,0,69,85,59,1594512000000000000,2023-11-05T03:13:00Z
weather,Hayward,9.17,0,65,73,58,1594598400000000000,2023-11-05T03:14:00Z
weather,Hayward,8.95,0,64,74,59,1594684800000000000,2023-11-05T03:15:00Z
weather,Hayward,8.5,0,65,76,59,1594771200000000000,2023-11-05T03:16:00Z
weather,Hayward,9.84,0,64,73,59,1594857600000000000,2023-11-05T03:17:00Z
weather,Hayward,8.72,0,65,76,60,1594944000000000000,2023-11-05T03:18:00Z
weather,Hayward,8.72,0,65,77,59,1595030400000000000,2023-11-05T03:19:00Z
weather,Hayward,9.84,0,65,73,59,1595116800000000000,2023-11-05T03:20:00Z
weather,Hayward,10.74,0,63,70,59,1595203200000000000,2023-11-05T03:21:00Z
weather,Hayward,8.5,0,63,72,58,1595289600000000000,2023-11-05T03:22:00Z
weather,Hayward,9.4,0,65,76,60,1595376000000000000,2023-11-05T03:23:00Z
weather,Hayward,7.61,0,65,75,59,1595462400000000000,2023-11-05T03:24:00Z
weather,Hayward,9.62,0,63,70,58,1595548800000000000,2023-11-05T03:25:00Z
weather,Hayward,6.93,0,65,78,60,1595635200000000000,2023-11-05T03:26:00Z
weather,Hayward,8.72,0,65,75,59,1595721600000000000,2023-11-05T03:27:00Z
weather,Hayward,8.5,0,65,76,58,1595808000000000000,2023-11-05T03:28:00Z
weather,Hayward,7.61,0,63,72,58,1595894400000000000,2023-11-05T03:29:00Z
weather,Hayward,7.83,0,63,73,58,1595980800000000000,2023-11-05T03:30:00Z
weather,Hayward,8.5,0,64,73,59,1596067200000000000,2023-11-05T03:31:00Z
weather,Hayward,7.61,0,63,71,58,1596153600000000000,2023-11-05T03:32:00Z
weather,Hayward,7.16,0,65,73,59,1596240000000000000,2023-11-05T03:33:00Z
weather,Hayward,6.26,0,65,74,59,1596326400000000000,2023-11-05T03:34:00Z
weather,Hayward,7.16,0,67,77,60,1596412800000000000,2023-11-05T03:35:00Z
weather,Hayward,10.29,0,65,70,61,1596499200000000000,2023-11-05T03:36:00Z
weather,Hayward,11.41,0,63,67,60,1596585600000000000,2023-11-05T03:37:00Z
weather,Hayward,8.5,0,66,76,61,1596672000000000000,2023-11-05T03:38:00Z
weather,Hayward,6.93,0,68,80,61,1596758400000000000,2023-11-05T03:39:00Z
weather,Hayward,6.71,0,68,82,60,1596844800000000000,2023-11-05T03:40:00Z
weather,Hayward,6.93,0,69,83,59,1596931200000000000,2023-11-05T03:41:00Z
weather,Hayward,8.95,0,68,80,59,1597017600000000000,2023-11-05T03:42:00Z
weather,Hayward,9.62,0,67,76,61,1597104000000000000,2023-11-05T03:43:00Z
weather,Hayward,6.71,0,68,79,61,1597190400000000000,2023-11-05T03:44:00Z
weather,Hayward,4.92,0,72,94,61,1597276800000000000,2023-11-05T03:45:00Z
weather,Hayward,5.82,0,83,103,71,1597363200000000000,2023-11-05T03:46:00Z
weather,Hayward,5.59,0,83,97,69,1597449600000000000,2023-11-05T03:47:00Z
weather,Hayward,7.61,0.09,82,96,71,1597536000000000000,2023-11-05T03:48:00Z
weather,Hayward,5.14,0,77,94,70,1597622400000000000,2023-11-05T03:49:00Z
weather,Hayward,4.25,0,76,91,68,1597708800000000000,2023-11-05T03:50:00Z
weather,Hayward,5.14,0,75,84,66,1597795200000000000,2023-11-05T03:51:00Z
weather,Hayward,7.38,0,70,79,59,1597881600000000000,2023-11-05T03:52:00Z
weather,Hayward,5.37,0,70,83,64,1597968000000000000,2023-11-05T03:53:00Z
weather,Hayward,4.7,0,72,84,64,1598054400000000000,2023-11-05T03:54:00Z
weather,Hayward,5.82,0,71,83,62,1598140800000000000,2023-11-05T03:55:00Z
weather,Hayward,6.04,0,73,85,64,1598227200000000000,2023-11-05T03:56:00Z
weather,Hayward,8.72,0,68,79,62,1598313600000000000,2023-11-05T03:57:00Z
weather,Hayward,8.28,0,65,69,59,1598400000000000000,2023-11-05T03:58:00Z
weather,Hayward,7.61,0,63,74,58,1598486400000000000,2023-11-05T03:59:00Z
weather,Hayward,6.26,0,65,76,59,1598572800000000000,2023-11-05T04:00:00Z
weather,Hayward,7.83,0,65,75,59,1598659200000000000,2023-11-05T04:01:00Z
weather,Hayward,7.38,0,65,75,59,1598745600000000000,2023-11-05T04:02:00Z
weather,Hayward,6.26,0,65,77,58,1598832000000000000,2023-11-05T04:03:00Z
weather,Hayward,6.93,0,64,74,61,1598918400000000000,2023-11-05T04:04:00Z
weather,Hayward,8.95,0,66,74,62,1599004800000000000,2023-11-05T04:05:00Z
weather,Hayward,6.93,0,64,70,61,1599091200000000000,2023-11-05T04:06:00Z
weather,Hayward,5.37,0,65,77,60,1599177600000000000,2023-11-05T04:07:00Z
weather,Hayward,3.36,0,73,98,62,1599264000000000000,2023-11-05T04:08:00Z
weather,Hayward,3.58,0,85,106,72,1599350400000000000,2023-11-05T04:09:00Z
weather,Hayward,4.47,0,86,103,66,1599436800000000000,2023-11-05T04:10:00Z
weather,Hayward,4.47,0,72,83,62,1599523200000000000,2023-11-05T04:11:00Z
weather,Hayward,2.91,0,65,66,61,1599609600000000000,2023-11-05T04:12:00Z
weather,Hayward,2.24,0,64,68,60,1599696000000000000,2023-11-05T04:13:00Z
weather,Hayward,3.58,0,64,77,58,1599782400000000000,2023-11-05T04:14:00Z
weather,Hayward,3.8,0,66,82,56,1599868800000000000,2023-11-05T04:15:00Z
weather,Hayward,6.93,0,64,71,58,1599955200000000000,2023-11-05T04:16:00Z
weather,Hayward,6.26,0,64,73,61,1600041600000000000,2023-11-05T04:17:00Z
weather,Hayward,5.14,0,67,77,60,1600128000000000000,2023-11-05T04:18:00Z
weather,Hayward,6.04,0,69,80,65,1600214400000000000,2023-11-05T04:19:00Z
weather,Hayward,5.82,0,70,78,66,1600300800000000000,2023-11-05T04:20:00Z
weather,Hayward,8.05,0,69,76,64,1600387200000000000,2023-11-05T04:21:00Z
weather,Hayward,5.59,0,69,79,64,1600473600000000000,2023-11-05T04:22:00Z
weather,Hayward,4.92,0,72,89,60,1600560000000000000,2023-11-05T04:23:00Z
weather,Hayward,6.26,0,68,79,58,1600646400000000000,2023-11-05T04:24:00Z
weather,Hayward,6.93,0,67,77,62,1600732800000000000,2023-11-05T04:25:00Z
weather,Hayward,6.49,0,67,79,59,1600819200000000000,2023-11-05T04:26:00Z
weather,Hayward,7.83,0,69,79,64,1600905600000000000,2023-11-05T04:27:00Z
weather,Hayward,7.61,0,67,75,62,1600992000000000000,2023-11-05T04:28:00Z
weather,Hayward,4.92,0,67,80,58,1601078400000000000,2023-11-05T04:29:00Z
weather,Hayward,5.14,0,74,98,61,1601164800000000000,2023-11-05T04:30:00Z
weather,Hayward,4.92,0,83,97,64,1601251200000000000,2023-11-05T04:31:00Z
weather,Hayward,5.82,0,69,81,60,1601337600000000000,2023-11-05T04:32:00Z
weather,Hayward,3.13,0,67,87,61,1601424000000000000,2023-11-05T04:33:00Z
weather,Hayward,2.24,0,77,96,67,1601510400000000000,2023-11-05T04:34:00Z
weather,Hayward,2.68,0,76,91,62,1601596800000000000,2023-11-05T04:35:00Z
weather,Hayward,3.36,0,70,90,59,1601683200000000000,2023-11-05T04:36:00Z
weather,Hayward,4.03,0,66,79,57,1601769600000000000,2023-11-05T04:37:00Z
weather,Hayward,3.8,0,64,82,52,1601856000000000000,2023-11-05T04:38:00Z
weather,Hayward,4.7,0,64,76,55,1601942400000000000,2023-11-05T04:39:00Z
weather,Hayward,6.49,0,62,67,56,1602028800000000000,2023-11-05T04:40:00Z
weather,Hayward,7.83,0,63,68,61,1602115200000000000,2023-11-05T04:41:00Z
weather,Hayward,3.8,0,63,71,60,1602201600000000000,2023-11-05T04:42:00Z
weather,Hayward,6.71,0,66,75,59,1602288000000000000,2023-11-05T04:43:00Z
weather,Hayward,5.37,0,67,78,59,1602374400000000000,2023-11-05T04:44:00Z
weather,Hayward,4.92,0,68,86,57,1602460800000000000,2023-11-05T04:45:00Z
weather,Hayward,4.03,0,70,87,59,1602547200000000000,2023-11-05T04:46:00Z
weather,Hayward,3.8,0,72,89,62,1602633600000000000,2023-11-05T04:47:00Z
weather,Hayward,4.25,0,77,97,61,1602720000000000000,2023-11-05T04:48:00Z
weather,Hayward,4.47,0,80,92,66,1602806400000000000,2023-11-05T04:49:00Z
weather,Hayward,3.58,0,75,92,61,1602892800000000000,2023-11-05T04:50:00Z
weather,Hayward,4.25,0,72,84,60,1602979200000000000,2023-11-05T04:51:00Z
weather,Hayward,4.03,0,66,78,55,1603065600000000000,2023-11-05T04:52:00Z
weather,Hayward,3.13,0,67,85,57,1603152000000000000,2023-11-05T04:53:00Z
weather,Hayward,3.8,0,69,86,57,1603238400000000000,2023-11-05T04:54:00Z
weather,Hayward,5.14,0,65,76,56,1603324800000000000,2023-11-05T04:55:00Z
weather,Hayward,6.04,0,62,72,54,1603411200000000000,2023-11-05T04:56:00Z
weather,Hayward,4.92,0,61,71,53,1603497600000000000,2023-11-05T04:57:00Z
weather,Hayward,7.83,0,63,73,57,1603584000000000000,2023-11-05T04:58:00Z
weather,Hayward,9.62,0,66,78,55,1603670400000000000,2023-11-05T04:59:00Z
weather,Hayward,5.14,0,65,82,51,1603756800000000000,2023-11-05T05:00:00Z
weather,Hayward,4.25,0,63,75,51,1603843200000000000,2023-11-05T05:01:00Z
weather,Hayward,4.03,0,61,77,50,1603929600000000000,2023-11-05T05:02:00Z
weather,Hayward,3.8,0,59,71,49,1604016000000000000,2023-11-05T05:03:00Z
weather,Hayward,3.13,0,60,77,49,1604102400000000000,2023-11-05T05:04:00Z
weather,Hayward,2.91,0,62,77,51,1604188800000000000,2023-11-05T05:05:00Z
weather,Hayward,2.91,0,64,80,51,1604275200000000000,2023-11-05T05:06:00Z
weather,Hayward,4.25,0,60,72,50,1604361600000000000,2023-11-05T05:07:00Z
weather,Hayward,2.91,0,60,75,51,1604448000000000000,2023-11-05T05:08:00Z
weather,Hayward,3.8,0,64,79,54,1604534400000000000,2023-11-05T05:09:00Z
weather,Hayward,11.41,0,61,63,53,1604620800000000000,2023-11-05T05:10:00Z
weather,Hayward,6.93,0,55,62,49,1604707200000000000,2023-11-05T05:11:00Z
weather,Hayward,11.63,0.03,55,61,40,1604793600000000000,2023-11-05T05:12:00Z
weather,Hayward,5.14,0,47,60,38,1604880000000000000,2023-11-05T05:13:00Z
weather,Hayward,4.7,0,50,63,40,1604966400000000000,2023-11-05T05:14:00Z
weather,Hayward,4.47,0,57,64,50,1605052800000000000,2023-11-05T05:15:00Z
weather,Hayward,5.82,0,53,65,44,1605139200000000000,2023-11-05T05:16:00Z
weather,Hayward,6.26,0.02,53,62,45,1605225600000000000,2023-11-05T05:17:00Z
weather,Hayward,3.8,0,55,62,46,1605312000000000000,2023-11-05T05:18:00Z
weather,Hayward,2.68,0,53,66,44,1605398400000000000,2023-11-05T05:19:00Z
weather,Hayward,3.13,0,58,75,48,1605484800000000000,2023-11-05T05:20:00Z
weather,Hayward,7.16,0.22,62,67,54,1605571200000000000,2023-11-05T05:21:00Z
weather,Hayward,5.82,0.13,61,66,52,1605657600000000000,2023-11-05T05:22:00Z
weather,Hayward,5.82,0,55,65,44,1605744000000000000,2023-11-05T05:23:00Z
weather,Hayward,4.7,0,54,67,44,1605830400000000000,2023-11-05T05:24:00Z
weather,Hayward,3.8,0,53,64,42,1605916800000000000,2023-11-05T05:25:00Z
weather,Hayward,4.92,0,51,62,41,1606003200000000000,2023-11-05T05:26:00Z
weather,Hayward,3.8,0.03,54,62,49,1606089600000000000,2023-11-05T05:27:00Z
weather,Hayward,5.82,0,53,67,44,1606176000000000000,2023-11-05T05:28:00Z
weather,Hayward,7.16,0,56,64,46,1606262400000000000,2023-11-05T05:29:00Z
weather,Hayward,6.04,0,53,67,40,1606348800000000000,2023-11-05T05:30:00Z
weather,Hayward,3.13,0,53,65,40,1606435200000000000,2023-11-05T05:31:00Z
weather,Hayward,4.47,0,51,61,39,1606521600000000000,2023-11-05T05:32:00Z
weather,Hayward,3.36,0,50,62,39,1606608000000000000,2023-11-05T05:33:00Z
weather,Hayward,3.13,0,51,64,39,1606694400000000000,2023-11-05T05:34:00Z
weather,Hayward,3.58,0,50,64,42,1606780800000000000,2023-11-05T05:35:00Z
weather,Hayward,3.36,0,52,65,42,1606867200000000000,2023-11-05T05:36:00Z
weather,Hayward,2.24,0,53,65,43,1606953600000000000,2023-11-05T05:37:00Z
weather,Hayward,2.68,0,53,66,43,1607040000000000000,2023-11-05T05:38:00Z
weather,Hayward,3.8,0,53,64,43,1607126400000000000,2023-11-05T05:39:00Z
weather,Hayward,3.36,0,51,62,42,1607212800000000000,2023-11-05T05:40:00Z
weather,Hayward,6.71,0,58,76,41,1607299200000000000,2023-11-05T05:41:00Z
weather,Hayward,3.13,0,58,72,46,1607385600000000000,2023-11-05T05:42:00Z
weather,Hayward,4.03,0,57,70,43,1607472000000000000,2023-11-05T05:43:00Z
weather,Hayward,4.03,0,55,65,45,1607558400000000000,2023-11-05T05:44:00Z
weather,Hayward,6.49,0.3,52,56,49,1607644800000000000,2023-11-05T05:45:00Z
weather,Hayward,6.93,0.04,56,59,48,1607731200000000000,2023-11-05T05:46:00Z
weather,Hayward,6.71,0.56,54,61,48,1607817600000000000,2023-11-05T05:47:00Z
weather,Hayward,4.03,0,51,58,42,1607904000000000000,2023-11-05T05:48:00Z
weather,Hayward,3.13,0,50,59,43,1607990400000000000,2023-11-05T05:49:00Z
weather,Hayward,3.8,0,51,60,44,1608076800000000000,2023-11-05T05:50:00Z
weather,Hayward,7.61,0.58,56,59,46,1608163200000000000,2023-11-05T05:51:00Z
weather,Hayward,2.46,0,50,61,41,1608249600000000000,2023-11-05T05:52:00Z
weather,Hayward,4.92,0,50,63,39,1608336000000000000,2023-11-05T05:53:00Z
weather,Hayward,4.25,0,50,61,40,1608422400000000000,2023-11-05T05:54:00Z
weather,Hayward,2.46,0,50,60,40,1608508800000000000,2023-11-05T05:55:00Z
weather,Hayward,5.37,0,53,63,44,1608595200000000000,2023-11-05T05:56:00Z
weather,Hayward,5.37,0,51,63,40,1608681600000000000,2023-11-05T05:57:00Z
weather,Hayward,4.92,0,50,57,44,1608768000000000000,2023-11-05T05:58:00Z
weather,Hayward,8.28,0.04,54,65,46,1608854400000000000,2023-11-05T05:59:00Z
weather,Hayward,5.82,0,58,61,47,1608940800000000000,2023-11-05T06:00:00Z
weather,Hayward,4.47,0,52,63,45,1609027200000000000,2023-11-05T06:01:00Z
weather,Hayward,4.25,0.12,53,59,45,1609113600000000000,2023-11-05T06:02:00Z
weather,Hayward,4.03,0,49,60,40,1609200000000000000,2023-11-05T06:03:00Z
weather,Hayward,4.7,0.06,48,57,38,1609286400000000000,2023-11-05T06:04:00Z
weather,Hayward,5.82,0.06,53,61,46,1609372800000000000,2023-11-05T06:05:00Z
weather,Hayward,4.47,0,50,62,41,1609459200000000000,2023-11-05T06:06:00Z
weather,Hayward,1.57,0.07,53,57,51,1609545600000000000,2023-11-05T06:07:00Z
weather,Hayward,2.68,0,52,57,49,1609632000000000000,2023-11-05T06:08:00Z
weather,Hayward,7.61,0.41,55,62,46,1609718400000000000,2023-11-05T06:09:00Z
weather,Hayward,2.68,0,51,59,44,1609804800000000000,2023-11-05T06:10:00Z
weather,Hayward,3.58,0,49,59,41,1609891200000000000,2023-11-05T06:11:00Z
weather,Hayward,5.37,0,52,61,45,1609977600000000000,2023-11-05T06:12:00Z
weather,Hayward,4.25,0,53,61,47,1610064000000000000,2023-11-05T06:13:00Z
weather,Hayward,4.03,0,51,60,41,1610150400000000000,2023-11-05T06:14:00Z
weather,Hayward,5.37,0,51,62,43,1610236800000000000,2023-11-05T06:15:00Z
weather,Hayward,4.03,0,52,61,43,1610323200000000000,2023-11-05T06:16:00Z
weather,Hayward,2.68,0,53,62,48,1610409600000000000,2023-11-05T06:17:00Z
weather,Hayward,3.36,0,54,67,47,1610496000000000000,2023-11-05T06:18:00Z
weather,Hayward,3.13,0,57,67,46,1610582400000000000,2023-11-05T06:19:00Z
weather,Hayward,3.13,0,53,66,44,1610668800000000000,2023-11-05T06:20:00Z
weather,Hayward,2.24,0,57,68,47,1610755200000000000,2023-11-05T06:21:00Z
weather,Hayward,2.68,0,56,71,45,1610841600000000000,2023-11-05T06:22:00Z
weather,Hayward,8.28,0,61,79,49,1610928000000000000,2023-11-05T06:23:00Z
weather,Hayward,15.21,0,62,67,48,1611014400000000000,2023-11-05T06:24:00Z
weather,Hayward,3.8,0,55,64,42,1611100800000000000,2023-11-05T06:25:00Z
weather,Hayward,4.92,0,50,59,38,1611187200000000000,2023-11-05T06:26:00Z
weather,Hayward,6.26,0.02,49,53,44,1611273600000000000,2023-11-05T06:27:00Z
weather,Hayward,5.59,0,48,57,42,1611360000000000000,2023-11-05T06:28:00Z
weather,Hayward,8.95,0.17,47,52,39,1611446400000000000,2023-11-05T06:29:00Z
weather,Hayward,12.53,0,47,54,40,1611532800000000000,2023-11-05T06:30:00Z
weather,Hayward,12.97,0.29,43,51,32,1611619200000000000,2023-11-05T06:31:00Z
weather,Hayward,12.08,0.5,49,54,45,1611705600000000000,2023-11-05T06:32:00Z
weather,Hayward,8.05,1.28,50,55,47,1611792000000000000,2023-11-05T06:33:00Z
weather,Hayward,3.36,0.16,49,55,43,1611878400000000000,2023-11-05T06:34:00Z
weather,Hayward,3.13,0,49,60,44,1611964800000000000,2023-11-05T06:35:00Z
weather,Hayward,3.58,0,55,64,48,1612051200000000000,2023-11-05T06:36:00Z
weather,Hayward,8.5,0.15,54,65,43,1612137600000000000,2023-11-05T06:37:00Z
weather,Hayward,5.82,0.23,56,59,46,1612224000000000000,2023-11-05T06:38:00Z
weather,Hayward,5.82,0,49,57,39,1612310400000000000,2023-11-05T06:39:00Z
weather,Hayward,3.8,0,50,63,39,1612396800000000000,2023-11-05T06:40:00Z
weather,Hayward,3.8,0,51,66,40,1612483200000000000,2023-11-05T06:41:00Z
weather,Hayward,4.03,0,52,66,42,1612569600000000000,2023-11-05T06:42:00Z
weather,Hayward,3.36,0,52,66,41,1612656000000000000,2023-11-05T06:43:00Z
weather,Hayward,3.36,0,50,58,42,1612742400000000000,2023-11-05T06:44:00Z
weather,Hayward,3.36,0,53,57,49,1612828800000000000,2023-11-05T06:45:00Z
weather,Hayward,3.8,0,52,59,45,1612915200000000000,2023-11-05T06:46:00Z
weather,Hayward,4.92,0.58,51,59,46,1613001600000000000,2023-11-05T06:47:00Z
weather,Hayward,9.17,0.01,53,58,49,1613088000000000000,2023-11-05T06:48:00Z
weather,Hayward,10.29,0,54,59,48,1613174400000000000,2023-11-05T06:49:00Z
weather,Hayward,4.25,0.08,49,56,41,1613260800000000000,2023-11-05T06:50:00Z
weather,Hayward,9.17,0.22,53,57,49,1613347200000000000,2023-11-05T06:51:00Z
weather,Hayward,4.7,0,50,57,41,1613433600000000000,2023-11-05T06:52:00Z
weather,Hayward,5.82,0,50,64,39,1613520000000000000,2023-11-05T06:53:00Z
weather,Hayward,4.92,0,51,63,40,1613606400000000000,2023-11-05T06:54:00Z
weather,Hayward,7.16,0.02,55,61,49,1613692800000000000,2023-11-05T06:55:00Z
weather,Hayward,9.17,0.04,53,61,47,1613779200000000000,2023-11-05T06:56:00Z
weather,Hayward,4.47,0,51,62,39,1613865600000000000,2023-11-05T06:57:00Z
weather,Hayward,5.82,0,56,71,43,1613952000000000000,2023-11-05T06:58:00Z
weather,Hayward,3.58,0,58,80,46,1614038400000000000,2023-11-05T06:59:00Z
weather,Hayward,5.37,0,56,72,42,1614124800000000000,2023-11-05T07:00:00Z
weather,Hayward,4.92,0,57,64,43,1614211200000000000,2023-11-05T07:01:00Z
weather,Hayward,6.26,0,51,61,42,1614297600000000000,2023-11-05T07:02:00Z
weather,Hayward,6.71,0,51,64,38,1614384000000000000,2023-11-05T07:03:00Z
weather,Hayward,3.58,0,54,70,40,1614470400000000000,2023-11-05T07:04:00Z
weather,Hayward,4.25,0,54,68,42,1614556800000000000,2023-11-05T07:05:00Z
weather,Hayward,5.14,0,53,63,43,1614643200000000000,2023-11-05T07:06:00Z
weather,Hayward,5.59,0,53,63,45,1614729600000000000,2023-11-05T07:07:00Z
weather,Hayward,4.7,0,51,62,41,1614816000000000000,2023-11-05T07:08:00Z
weather,Hayward,7.38,0.22,53,65,42,1614902400000000000,2023-11-05T07:09:00Z
weather,Hayward,7.83,0.01,53,58,44,1614988800000000000,2023-11-05T07:10:00Z
weather,Hayward,7.61,0,49,59,39,1615075200000000000,2023-11-05T07:11:00Z
weather,Hayward,8.72,0,52,58,45,1615161600000000000,2023-11-05T07:12:00Z
weather,Hayward,8.95,0.17,51,58,44,1615248000000000000,2023-11-05T07:13:00Z
weather,Hayward,7.61,0.64,47,53,43,1615334400000000000,2023-11-05T07:14:00Z
weather,Hayward,5.82,0.18,47,57,43,1615420800000000000,2023-11-05T07:15:00Z
weather,Hayward,6.26,0,50,63,40,1615507200000000000,2023-11-05T07:16:00Z
weather,Hayward,10.07,0,52,55,48,1615593600000000000,2023-11-05T07:17:00Z
weather,Hayward,10.96,0.2,51,59,46,1615680000000000000,2023-11-05T07:18:00Z
weather,Hayward,12.53,0,49,54,40,1615766400000000000,2023-11-05T07:19:00Z
weather,Hayward,7.61,0,47,55,37,1615852800000000000,2023-11-05T07:20:00Z
weather,Hayward,4.25,0,47,55,38,1615939200000000000,2023-11-05T07:21:00Z
weather,Hayward,6.49,0.39,52,58,49,1616025600000000000,2023-11-05T07:22:00Z
weather,Hayward,7.38,0,54,61,48,1616112000000000000,2023-11-05T07:23:00Z
weather,Hayward,8.05,0,51,58,40,1616198400000000000,2023-11-05T07:24:00Z
weather,Hayward,8.5,0,50,63,39,1616284800000000000,2023-11-05T07:25:00Z
weather,Hayward,10.96,0,52,62,47,1616371200000000000,2023-11-05T07:26:00Z
weather,Hayward,10.96,0,54,67,42,1616457600000000000,2023-11-05T07:27:00Z
weather,Hayward,8.95,0,59,67,45,1616544000000000000,2023-11-05T07:28:00Z
weather,Hayward,10.07,0,53,59,47,1616630400000000000,2023-11-05T07:29:00Z
weather,Hayward,6.71,0,53,69,41,1616716800000000000,2023-11-05T07:30:00Z
weather,Hayward,5.59,0,57,74,44,1616803200000000000,2023-11-05T07:31:00Z
weather,Hayward,6.04,0,59,74,46,1616889600000000000,2023-11-05T07:32:00Z
weather,Hayward,7.83,0,54,61,45,1616976000000000000,2023-11-05T07:33:00Z
weather,Hayward,4.92,0,56,79,43,1617062400000000000,2023-11-05T07:34:00Z
weather,Hayward,5.59,0,63,81,49,1617148800000000000,2023-11-05T07:35:00Z
weather,Hayward,5.14,0,66,83,50,1617235200000000000,2023-11-05T07:36:00Z
weather,Hayward,8.05,0,59,65,47,1617321600000000000,2023-11-05T07:37:00Z
weather,Hayward,9.62,0,53,61,51,1617408000000000000,2023-11-05T07:38:00Z
weather,Hayward,9.4,0,54,61,51,1617494400000000000,2023-11-05T07:39:00Z
weather,Hayward,8.95,0,53,58,50,1617580800000000000,2023-11-05T07:40:00Z
weather,Hayward,8.05,0,53,62,50,1617667200000000000,2023-11-05T07:41:00Z
weather,Hayward,10.51,0,52,59,49,1617753600000000000,2023-11-05T07:42:00Z
weather,Hayward,7.61,0,53,62,50,1617840000000000000,2023-11-05T07:43:00Z
weather,Hayward,12.75,0,53,58,49,1617926400000000000,2023-11-05T07:44:00Z
weather,Hayward,8.28,0,53,66,49,1618012800000000000,2023-11-05T07:45:00Z
weather,Hayward,6.71,0,54,70,44,1618099200000000000,2023-11-05T07:46:00Z
weather,Hayward,7.38,0,54,69,47,1618185600000000000,2023-11-05T07:47:00Z
weather,Hayward,10.96,0,54,60,49,1618272000000000000,2023-11-05T07:48:00Z
weather,Hayward,7.61,0,55,67,46,1618358400000000000,2023-11-05T07:49:00Z
weather,Hayward,8.05,0,55,65,45,1618444800000000000,2023-11-05T07:50:00Z
weather,Hayward,7.61,0,53,63,48,1618531200000000000,2023-11-05T07:51:00Z
weather,Hayward,6.04,0,54,65,50,1618617600000000000,2023-11-05T07:52:00Z
weather,Hayward,5.59,0,60,79,47,1618704000000000000,2023-11-05T07:53:00Z
weather,Hayward,8.72,0,55,62,49,1618790400000000000,2023-11-05T07:54:00Z
weather,Hayward,12.3,0,54,58,51,1618876800000000000,2023-11-05T07:55:00Z
weather,Hayward,8.05,0,54,62,50,1618963200000000000,2023-11-05T07:56:00Z
weather,Hayward,10.74,0,54,60,51,1619049600000000000,2023-11-05T07:57:00Z
weather,Hayward,10.74,0,52,64,51,1619136000000000000,2023-11-05T07:58:00Z
weather,Hayward,8.95,0,56,65,50,1619222400000000000,2023-11-05T07:59:00Z
weather,Hayward,8.05,0.06,55,59,49,1619308800000000000,2023-11-05T08:00:00Z
weather,Hayward,8.72,0,52,61,45,1619395200000000000,2023-11-05T08:01:00Z
weather,Hayward,6.04,0,53,68,44,1619481600000000000,2023-11-05T08:02:00Z
weather,Hayward,6.26,0,61,80,47,1619568000000000000,2023-11-05T08:03:00Z
weather,Hayward,6.93,0,60,68,50,1619654400000000000,2023-11-05T08:04:00Z
weather,Hayward,9.4,0,57,64,50,1619740800000000000,2023-11-05T08:05:00Z
weather,Hayward,10.07,0,56,62,52,1619827200000000000,2023-11-05T08:06:00Z
weather,Hayward,9.62,0,57,68,51,1619913600000000000,2023-11-05T08:07:00Z
weather,Hayward,6.26,0,61,78,49,1620000000000000000,2023-11-05T08:08:00Z
weather,Hayward,6.26,0,64,78,54,1620086400000000000,2023-11-05T08:09:00Z
weather,Hayward,7.38,0,62,75,52,1620172800000000000,2023-11-05T08:10:00Z
weather,Hayward,8.72,0,55,63,51,1620259200000000000,2023-11-05T08:11:00Z
weather,Hayward,8.72,0,57,67,52,1620345600000000000,2023-11-05T08:12:00Z
weather,Hayward,6.26,0,60,77,48,1620432000000000000,2023-11-05T08:13:00Z
weather,Hayward,6.71,0,64,75,53,1620518400000000000,2023-11-05T08:14:00Z
weather,Hayward,6.26,0,63,81,52,1620604800000000000,2023-11-05T08:15:00Z
weather,Hayward,5.82,0,64,77,53,1620691200000000000,2023-11-05T08:16:00Z
weather,Hayward,8.05,0,59,71,49,1620777600000000000,2023-11-05T08:17:00Z
weather,Hayward,7.83,0,57,67,52,1620864000000000000,2023-11-05T08:18:00Z
weather,Hayward,11.86,0,55,60,51,1620950400000000000,2023-11-05T08:19:00Z
weather,Hayward,9.84,0.03,54,61,51,1621036800000000000,2023-11-05T08:20:00Z
weather,Hayward,10.51,0,57,64,53,1621123200000000000,2023-11-05T08:21:00Z
weather,Hayward,11.41,0,56,61,52,1621209600000000000,2023-11-05T08:22:00Z
weather,Hayward,10.74,0,58,68,53,1621296000000000000,2023-11-05T08:23:00Z
weather,Hayward,17,0,56,63,51,1621382400000000000,2023-11-05T08:24:00Z
weather,Hayward,11.41,0,56,65,47,1621468800000000000,2023-11-05T08:25:00Z
weather,Hayward,9.84,0,57,64,49,1621555200000000000,2023-11-05T08:26:00Z
weather,Hayward,8.72,0,57,70,46,1621641600000000000,2023-11-05T08:27:00Z
weather,Hayward,9.4,0,56,63,52,1621728000000000000,2023-11-05T08:28:00Z
weather,Hayward,8.28,0,57,68,50,1621814400000000000,2023-11-05T08:29:00Z
weather,Hayward,8.5,0,58,63,54,1621900800000000000,2023-11-05T08:30:00Z
weather,Hayward,8.95,0,58,68,50,1621987200000000000,2023-11-05T08:31:00Z
weather,Hayward,8.5,0,57,66,52,1622073600000000000,2023-11-05T08:32:00Z
weather,Hayward,9.4,0,59,67,53,1622160000000000000,2023-11-05T08:33:00Z
weather,Hayward,11.86,0,56,61,53,1622246400000000000,2023-11-05T08:34:00Z
weather,Hayward,5.82,0,60,77,53,1622332800000000000,2023-11-05T08:35:00Z
weather,Hayward,6.04,0,65,83,54,1622419200000000000,2023-11-05T08:36:00Z
weather,Hayward,9.17,0,63,73,52,1622505600000000000,2023-11-05T08:37:00Z
weather,Hayward,8.5,0,58,68,53,1622592000000000000,2023-11-05T08:38:00Z
weather,Hayward,6.93,0,60,77,54,1622678400000000000,2023-11-05T08:39:00Z
weather,Hayward,7.61,0,59,67,54,1622764800000000000,2023-11-05T08:40:00Z
weather,Hayward,6.93,0,60,74,53,1622851200000000000,2023-11-05T08:41:00Z
weather,Hayward,7.16,0,60,69,52,1622937600000000000,2023-11-05T08:42:00Z
weather,Hayward,13.42,0,59,64,54,1623024000000000000,2023-11-05T08:43:00Z
weather,Hayward,12.53,0,58,65,53,1623110400000000000,2023-11-05T08:44:00Z
weather,Hayward,12.3,0,58,64,53,1623196800000000000,2023-11-05T08:45:00Z
weather,Hayward,10.74,0,58,67,52,1623283200000000000,2023-11-05T08:46:00Z
weather,Hayward,8.5,0,61,71,54,1623369600000000000,2023-11-05T08:47:00Z
weather,Hayward,8.28,0,66,78,61,1623456000000000000,2023-11-05T08:48:00Z
weather,Hayward,7.83,0,65,75,59,1623542400000000000,2023-11-05T08:49:00Z
weather,Hayward,10.96,0,66,72,58,1623628800000000000,2023-11-05T08:50:00Z
weather,Hayward,7.38,0,63,74,55,1623715200000000000,2023-11-05T08:51:00Z
weather,Hayward,6.49,0,69,88,56,1623801600000000000,2023-11-05T08:52:00Z
weather,Hayward,5.82,0,74,96,62,1623888000000000000,2023-11-05T08:53:00Z
weather,Hayward,6.26,0,72,88,59,1623974400000000000,2023-11-05T08:54:00Z
weather,Hayward,8.28,0,68,80,56,1624060800000000000,2023-11-05T08:55:00Z
weather,Hayward,9.17,0,63,76,55,1624147200000000000,2023-11-05T08:56:00Z
weather,Hayward,9.4,0,63,73,58,1624233600000000000,2023-11-05T08:57:00Z
weather,Hayward,9.4,0,66,74,61,1624320000000000000,2023-11-05T08:58:00Z
weather,Hayward,10.29,0,66,73,60,1624406400000000000,2023-11-05T08:59:00Z
weather,Hayward,10.74,0,63,72,59,1624492800000000000,2023-11-05T09:00:00Z
weather,Hayward,10.29,0,62,70,57,1624579200000000000,2023-11-05T09:01:00Z
weather,Hayward,9.4,0,62,72,58,1624665600000000000,2023-11-05T09:02:00Z
weather,Hayward,9.17,0,61,67,57,1624752000000000000,2023-11-05T09:03:00Z
weather,Hayward,8.72,0,60,67,57,1624838400000000000,2023-11-05T09:04:00Z
weather,Hayward,7.38,0,62,70,58,1624924800000000000,2023-11-05T09:05:00Z
weather,Hayward,12.97,0,63,69,58,1625011200000000000,2023-11-05T09:06:00Z
weather,Hayward,10.96,0,63,73,59,1625097600000000000,2023-11-05T09:07:00Z
weather,Hayward,9.17,0,63,74,59,1625184000000000000,2023-11-05T09:08:00Z
weather,Hayward,9.84,0,62,71,58,1625270400000000000,2023-11-05T09:09:00Z
weather,Hayward,9.17,0,64,72,59,1625356800000000000,2023-11-05T09:10:00Z
weather,Hayward,8.95,0,63,73,58,1625443200000000000,2023-11-05T09:11:00Z
weather,Hayward,9.84,0,60,66,56,1625529600000000000,2023-11-05T09:12:00Z
weather,Hayward,10.74,0,59,65,55,1625616000000000000,2023-11-05T09:13:00Z
weather,Hayward,5.37,0,64,82,57,1625702400000000000,2023-11-05T09:14:00Z
weather,Hayward,8.72,0,70,82,57,1625788800000000000,2023-11-05T09:15:00Z
weather,Hayward,7.61,0,64,77,55,1625875200000000000,2023-11-05T09:16:00Z
weather,Hayward,9.4,0,62,68,56,1625961600000000000,2023-11-05T09:17:00Z
weather,Hayward,12.08,0,59,65,55,1626048000000000000,2023-11-05T09:18:00Z
weather,Hayward,11.86,0,59,68,56,1626134400000000000,2023-11-05T09:19:00Z
weather,Hayward,9.17,0,62,72,57,1626220800000000000,2023-11-05T09:20:00Z
weather,Hayward,11.41,0,60,66,55,1626307200000000000,2023-11-05T09:21:00Z
weather,Hayward,7.61,0,61,73,55,1626393600000000000,2023-11-05T09:22:00Z
weather,Hayward,7.38,0,63,77,56,1626480000000000000,2023-11-05T09:23:00Z
weather,Hayward,6.71,0,65,81,55,1626566400000000000,2023-11-05T09:24:00Z
weather,Hayward,7.83,0,66,76,58,1626652800000000000,2023-11-05T09:25:00Z
weather,Hayward,7.16,0,61,69,58,1626739200000000000,2023-11-05T09:26:00Z
weather,Hayward,7.61,0,62,71,56,1626825600000000000,2023-11-05T09:27:00Z
weather,Hayward,7.83,0,62,69,56,1626912000000000000,2023-11-05T09:28:00Z
weather,Hayward,6.49,0,63,78,54,1626998400000000000,2023-11-05T09:29:00Z
weather,Hayward,7.61,0,63,76,55,1627084800000000000,2023-11-05T09:30:00Z
weather,Hayward,8.05,0,64,75,56,1627171200000000000,2023-11-05T09:31:00Z
weather,Hayward,7.61,0,63,74,57,1627257600000000000,2023-11-05T09:32:00Z
weather,Hayward,7.16,0,66,83,59,1627344000000000000,2023-11-05T09:33:00Z
weather,Hayward,8.05,0,66,79,57,1627430400000000000,2023-11-05T09:34:00Z
weather,Hayward,6.93,0,66,79,58,1627516800000000000,2023-11-05T09:35:00Z
weather,Hayward,8.5,0,65,78,57,1627603200000000000,2023-11-05T09:36:00Z
weather,Hayward,7.83,0,65,78,58,1627689600000000000,2023-11-05T09:37:00Z
weather,Hayward,10.07,0,64,73,58,1627776000000000000,2023-11-05T09:38:00Z
weather,Hayward,8.5,0,65,75,57,1627862400000000000,2023-11-05T09:39:00Z
weather,Hayward,8.05,0,63,75,57,1627948800000000000,2023-11-05T09:40:00Z
weather,Hayward,9.17,0,62,69,57,1628035200000000000,2023-11-05T09:41:00Z
weather,Hayward,9.4,0,62,67,58,1628121600000000000,2023-11-05T09:42:00Z
weather,Hayward,5.82,0,66,79,60,1628208000000000000,2023-11-05T09:43:00Z
weather,Hayward,6.71,0,65,79,59,1628294400000000000,2023-11-05T09:44:00Z
weather,Hayward,7.61,0,65,78,59,1628380800000000000,2023-11-05T09:45:00Z
weather,Hayward,7.83,0,64,78,58,1628467200000000000,2023-11-05T09:46:00Z
weather,Hayward,7.16,0,65,81,58,1628553600000000000,2023-11-05T09:47:00Z
weather,Hayward,8.28,0,67,78,59,1628640000000000000,2023-11-05T09:48:00Z
weather,Hayward,7.38,0,65,76,59,1628726400000000000,2023-11-05T09:49:00Z
weather,Hayward,6.71,0,65,73,59,1628812800000000000,2023-11-05T09:50:00Z
weather,Hayward,7.83,0,65,74,60,1628899200000000000,2023-11-05T09:51:00Z
weather,Hayward,6.26,0,65,77,60,1628985600000000000,2023-11-05T09:52:00Z
weather,Hayward,6.04,0,65,75,60,1629072000000000000,2023-11-05T09:53:00Z
weather,Hayward,7.83,0,65,71,60,1629158400000000000,2023-11-05T09:54:00Z
weather,Hayward,5.82,0,65,76,58,1629244800000000000,2023-11-05T09:55:00Z
weather,Hayward,6.93,0,65,74,60,1629331200000000000,2023-11-05T09:56:00Z
weather,Hayward,7.16,0,64,74,60,1629417600000000000,2023-11-05T09:57:00Z
weather,Hayward,8.5,0,65,71,60,1629504000000000000,2023-11-05T09:58:00Z
weather,Hayward,7.38,0,63,73,57,1629590400000000000,2023-11-05T09:59:00Z
weather,Hayward,6.71,0,63,74,58,1629676800000000000,2023-11-05T10:00:00Z
weather,Hayward,8.05,0,63,73,58,1629763200000000000,2023-11-05T10:01:00Z
weather,Hayward,7.83,0,62,72,57,1629849600000000000,2023-11-05T10:02:00Z
weather,Hayward,5.82,0,64,80,55,1629936000000000000,2023-11-05T10:03:00Z
weather,Hayward,4.7,0,71,92,59,1630022400000000000,2023-11-05T10:04:00Z
weather,Hayward,4.7,0,75,93,60,1630108800000000000,2023-11-05T10:05:00Z
weather,Hayward,6.71,0,70,82,58,1630195200000000000,2023-11-05T10:06:00Z
weather,Hayward,7.16,0,64,78,56,1630281600000000000,2023-11-05T10:07:00Z
weather,Hayward,6.93,0,63,74,55,1630368000000000000,2023-11-05T10:08:00Z
weather,Hayward,9.4,0,63,71,57,1630454400000000000,2023-11-05T10:09:00Z
weather,Hayward,7.16,0,62,70,57,1630540800000000000,2023-11-05T10:10:00Z
weather,Hayward,7.16,0,62,72,55,1630627200000000000,2023-11-05T10:11:00Z
weather,Hayward,5.37,0,61,79,52,1630713600000000000,2023-11-05T10:12:00Z
weather,Hayward,4.03,0,65,86,53,1630800000000000000,2023-11-05T10:13:00Z
weather,Hayward,3.58,0,68,89,56,1630886400000000000,2023-11-05T10:14:00Z
weather,Hayward,5.14,0,69,77,59,1630972800000000000,2023-11-05T10:15:00Z
weather,Hayward,5.37,0,69,84,61,1631059200000000000,2023-11-05T10:16:00Z
weather,Hayward,7.38,0,65,73,60,1631145600000000000,2023-11-05T10:17:00Z
weather,Hayward,6.49,0.01,64,71,60,1631232000000000000,2023-11-05T10:18:00Z
weather,Hayward,5.82,0,64,75,56,1631318400000000000,2023-11-05T10:19:00Z
weather,Hayward,4.92,0,65,82,56,1631404800000000000,2023-11-05T10:20:00Z
weather,Hayward,5.82,0,66,80,58,1631491200000000000,2023-11-05T10:21:00Z
weather,Hayward,6.04,0,65,78,56,1631577600000000000,2023-11-05T10:22:00Z
weather,Hayward,8.05,0,62,73,57,1631664000000000000,2023-11-05T10:23:00Z
weather,Hayward,8.5,0,61,69,58,1631750400000000000,2023-11-05T10:24:00Z
weather,Hayward,8.05,0,62,71,58,1631836800000000000,2023-11-05T10:25:00Z
weather,Hayward,7.83,0,63,71,58,1631923200000000000,2023-11-05T10:26:00Z
weather,Hayward,8.05,0,66,73,59,1632009600000000000,2023-11-05T10:27:00Z
weather,Hayward,4.92,0,66,86,55,1632096000000000000,2023-11-05T10:28:00Z
weather,Hayward,6.04,0,73,93,60,1632182400000000000,2023-11-05T10:29:00Z
weather,Hayward,5.82,0,71,80,56,1632268800000000000,2023-11-05T10:30:00Z
weather,Hayward,4.25,0,64,84,53,1632355200000000000,2023-11-05T10:31:00Z
weather,Hayward,5.37,0,67,78,57,1632441600000000000,2023-11-05T10:32:00Z
weather,Hayward,8.05,0,62,69,58,1632528000000000000,2023-11-05T10:33:00Z
weather,Hayward,8.5,0,62,66,58,1632614400000000000,2023-11-05T10:34:00Z
weather,Hayward,7.61,0,63,71,59,1632700800000000000,2023-11-05T10:35:00Z
weather,Hayward,7.61,0,64,74,55,1632787200000000000,2023-11-05T10:36:00Z
weather,Hayward,5.59,0,62,75,52,1632873600000000000,2023-11-05T10:37:00Z
weather,Hayward,4.25,0,65,85,53,1632960000000000000,2023-11-05T10:38:00Z
weather,Hayward,4.25,0,69,89,56,1633046400000000000,2023-11-05T10:39:00Z
weather,Hayward,3.8,0,70,89,56,1633132800000000000,2023-11-05T10:40:00Z
weather,Hayward,4.7,0,71,90,58,1633219200000000000,2023-11-05T10:41:00Z
weather,Hayward,4.7,0,71,88,59,1633305600000000000,2023-11-05T10:42:00Z
weather,Hayward,8.5,0,64,72,55,1633392000000000000,2023-11-05T10:43:00Z
weather,Hayward,7.83,0,61,66,57,1633478400000000000,2023-11-05T10:44:00Z
weather,Hayward,9.17,0,59,64,56,1633564800000000000,2023-11-05T10:45:00Z
weather,Hayward,12.3,0,58,65,55,1633651200000000000,2023-11-05T10:46:00Z
weather,Hayward,6.26,0,61,76,53,1633737600000000000,2023-11-05T10:47:00Z
weather,Hayward,5.59,0,61,74,50,1633824000000000000,2023-11-05T10:48:00Z
weather,Hayward,12.53,0,60,72,53,1633910400000000000,2023-11-05T10:49:00Z
weather,Hayward,10.07,0,61,72,50,1633996800000000000,2023-11-05T10:50:00Z
weather,Hayward,5.14,0,55,62,46,1634083200000000000,2023-11-05T10:51:00Z
weather,Hayward,5.37,0,58,73,48,1634169600000000000,2023-11-05T10:52:00Z
weather,Hayward,4.92,0,62,81,51,1634256000000000000,2023-11-05T10:53:00Z
weather,Hayward,3.36,0,66,85,52,1634342400000000000,2023-11-05T10:54:00Z
weather,Hayward,8.28,0.02,61,69,49,1634428800000000000,2023-11-05T10:55:00Z
weather,Hayward,8.5,0,56,62,50,1634515200000000000,2023-11-05T10:56:00Z
weather,Hayward,7.16,0,55,71,46,1634601600000000000,2023-11-05T10:57:00Z
weather,Hayward,7.61,0.29,62,68,58,1634688000000000000,2023-11-05T10:58:00Z
weather,Hayward,8.05,0.02,65,73,62,1634774400000000000,2023-11-05T10:59:00Z
weather,Hayward,8.5,0.6,63,65,56,1634860800000000000,2023-11-05T11:00:00Z
weather,Hayward,6.04,0.31,59,66,55,1634947200000000000,2023-11-05T11:01:00Z
weather,Hayward,14.09,3.32,60,62,56,1635033600000000000,2023-11-05T11:02:00Z
weather,Hayward,9.84,0.46,58,63,53,1635120000000000000,2023-11-05T11:03:00Z
weather,Hayward,5.14,0,58,67,52,1635206400000000000,2023-11-05T11:04:00Z
weather,Hayward,4.25,0,61,74,54,1635292800000000000,2023-11-05T11:05:00Z
weather,Hayward,3.8,0,64,77,56,1635379200000000000,2023-11-05T11:06:00Z
weather,Hayward,4.03,0,64,77,54,1635465600000000000,2023-11-05T11:07:00Z
weather,Hayward,5.59,0,61,65,57,1635552000000000000,2023-11-05T11:08:00Z
weather,Hayward,5.37,0,59,66,55,1635638400000000000,2023-11-05T11:09:00Z
weather,Hayward,7.16,0.18,61,66,60,1635724800000000000,2023-11-05T11:10:00Z
weather,Hayward,4.47,0.02,62,71,58,1635811200000000000,2023-11-05T11:11:00Z
weather,Hayward,3.36,0,62,72,53,1635897600000000000,2023-11-05T11:12:00Z
weather,Hayward,6.04,0.06,62,67,53,1635984000000000000,2023-11-05T11:13:00Z
weather,Hayward,4.7,0,57,65,49,1636070400000000000,2023-11-05T11:14:00Z
weather,Hayward,4.92,0,57,65,52,1636156800000000000,2023-11-05T11:15:00Z
weather,Hayward,5.82,0,55,63,44,1636243200000000000,2023-11-05T11:16:00Z
weather,Hayward,5.14,0.26,53,64,45,1636329600000000000,2023-11-05T11:17:00Z
weather,Hayward,9.17,0.15,58,67,53,1636416000000000000,2023-11-05T11:18:00Z
weather,Hayward,4.47,0,60,66,55,1636502400000000000,2023-11-05T11:19:00Z
weather,Hayward,4.7,0,60,71,52,1636588800000000000,2023-11-05T11:20:00Z
weather,Hayward,4.03,0,61,73,51,1636675200000000000,2023-11-05T11:21:00Z
weather,Hayward,3.36,0,60,72,51,1636761600000000000,2023-11-05T11:22:00Z
weather,Hayward,5.37,0,60,69,52,1636848000000000000,2023-11-05T11:23:00Z
weather,Hayward,4.03,0,57,62,52,1636934400000000000,2023-11-05T11:24:00Z
weather,Hayward,3.13,0,58,65,52,1637020800000000000,2023-11-05T11:25:00Z
weather,Hayward,4.47,0,56,67,47,1637107200000000000,2023-11-05T11:26:00Z
weather,Hayward,3.36,0,55,62,48,1637193600000000000,2023-11-05T11:27:00Z
weather,Hayward,4.7,0.03,57,64,53,1637280000000000000,2023-11-05T11:28:00Z
weather,Hayward,4.92,0,59,69,50,1637366400000000000,2023-11-05T11:29:00Z
weather,Hayward,5.37,0,56,70,45,1637452800000000000,2023-11-05T11:30:00Z
weather,Hayward,3.36,0,56,68,43,1637539200000000000,2023-11-05T11:31:00Z
weather,Hayward,3.58,0,55,65,46,1637625600000000000,2023-11-05T11:32:00Z
weather,Hayward,3.58,0,53,70,41,1637712000000000000,2023-11-05T11:33:00Z
weather,Hayward,3.36,0,53,63,42,1637798400000000000,2023-11-05T11:34:00Z
weather,Hayward,4.25,0,56,65,46,1637884800000000000,2023-11-05T11:35:00Z
weather,Hayward,4.03,0,55,69,46,1637971200000000000,2023-11-05T11:36:00Z
weather,Hayward,3.36,0,58,67,49,1638057600000000000,2023-11-05T11:37:00Z
weather,Hayward,2.91,0,58,67,48,1638144000000000000,2023-11-05T11:38:00Z
weather,Hayward,3.13,0,56,68,48,1638230400000000000,2023-11-05T11:39:00Z
weather,Hayward,3.8,0,58,69,49,1638316800000000000,2023-11-05T11:40:00Z
weather,Hayward,3.13,0,57,67,47,1638403200000000000,2023-11-05T11:41:00Z
weather,Hayward,2.01,0,55,56,53,1638489600000000000,2023-11-05T11:42:00Z
weather,Hayward,3.8,0,55,58,53,1638576000000000000,2023-11-05T11:43:00Z
weather,Hayward,3.8,0,53,59,48,1638662400000000000,2023-11-05T11:44:00Z
weather,Hayward,2.01,0.01,50,54,45,1638748800000000000,2023-11-05T11:45:00Z
weather,Hayward,4.7,0.02,54,61,49,1638835200000000000,2023-11-05T11:46:00Z
weather,Hayward,5.59,0,53,56,49,1638921600000000000,2023-11-05T11:47:00Z
weather,Hayward,8.28,0.03,54,58,43,1639008000000000000,2023-11-05T11:48:00Z
weather,Hayward,3.58,0,48,55,40,1639094400000000000,2023-11-05T11:49:00Z
weather,Hayward,4.03,0,46,57,36,1639180800000000000,2023-11-05T11:50:00Z
weather,Hayward,14.32,0.26,50,57,47,1639267200000000000,2023-11-05T11:51:00Z
weather,Hayward,11.41,1.82,54,57,45,1639353600000000000,2023-11-05T11:52:00Z
weather,Hayward,6.71,0.15,49,53,41,1639440000000000000,2023-11-05T11:53:00Z
weather,Hayward,14.54,0.05,47,54,43,1639526400000000000,2023-11-05T11:54:00Z
weather,Hayward,5.82,0.64,52,57,45,1639612800000000000,2023-11-05T11:55:00Z
weather,Hayward,5.37,0,48,57,40,1639699200000000000,2023-11-05T11:56:00Z
weather,Hayward,9.17,0,46,53,39,1639785600000000000,2023-11-05T11:57:00Z
weather,Hayward,6.93,0,44,55,38,1639872000000000000,2023-11-05T11:58:00Z
weather,Hayward,10.96,0,47,56,44,1639958400000000000,2023-11-05T11:59:00Z
weather,Hayward,7.61,0.17,47,56,41,1640044800000000000,2023-11-05T12:00:00Z
weather,Hayward,4.7,0.25,49,58,46,1640131200000000000,2023-11-05T12:01:00Z
weather,Hayward,4.7,0.75,56,60,52,1640217600000000000,2023-11-05T12:02:00Z
weather,Hayward,9.17,0.25,53,55,50,1640304000000000000,2023-11-05T12:03:00Z
weather,Hayward,10.51,0.61,51,54,44,1640390400000000000,2023-11-05T12:04:00Z
weather,Hayward,7.16,0.11,46,51,40,1640476800000000000,2023-11-05T12:05:00Z
weather,Hayward,10.29,0.62,48,51,43,1640563200000000000,2023-11-05T12:06:00Z
weather,Hayward,5.14,0.01,45,49,41,1640649600000000000,2023-11-05T12:07:00Z
weather,Hayward,9.84,0.41,49,53,45,1640736000000000000,2023-11-05T12:08:00Z
weather,Hayward,6.26,0,47,54,42,1640822400000000000,2023-11-05T12:09:00Z
weather,Hayward,5.59,0,45,55,37,1640908800000000000,2023-11-05T12:10:00Z
weather,Hayward,3.8,0,44,54,33,1640995200000000000,2023-11-05T12:11:00Z
weather,Hayward,3.8,0,43,56,33,1641081600000000000,2023-11-05T12:12:00Z
weather,Hayward,9.4,0.01,49,56,44,1641168000000000000,2023-11-05T12:13:00Z
weather,Hayward,4.25,0.27,54,60,52,1641254400000000000,2023-11-05T12:14:00Z
weather,Hayward,4.25,0,54,59,50,1641340800000000000,2023-11-05T12:15:00Z
weather,Hayward,3.8,0,55,56,52,1641427200000000000,2023-11-05T12:16:00Z
weather,Hayward,5.59,0.02,53,57,47,1641513600000000000,2023-11-05T12:17:00Z
weather,Hayward,4.92,0,50,57,44,1641600000000000000,2023-11-05T12:18:00Z
weather,Hayward,6.49,0,49,59,40,1641686400000000000,2023-11-05T12:19:00Z
weather,Hayward,3.13,0,51,62,44,1641772800000000000,2023-11-05T12:20:00Z
weather,Hayward,2.91,0,52,63,43,1641859200000000000,2023-11-05T12:21:00Z
weather,Hayward,4.25,0,53,62,44,1641945600000000000,2023-11-05T12:22:00Z
weather,Hayward,2.91,0,53,60,46,1642032000000000000,2023-11-05T12:23:00Z
weather,Hayward,3.13,0,51,63,41,1642118400000000000,2023-11-05T12:24:00Z
weather,Hayward,4.25,0,54,68,43,1642204800000000000,2023-11-05T12:25:00Z
weather,Hayward,3.58,0,56,60,51,1642291200000000000,2023-11-05T12:26:00Z
weather,Hayward,2.91,0,54,63,47,1642377600000000000,2023-11-05T12:27:00Z
weather,Hayward,3.13,0,52,57,43,1642464000000000000,2023-11-05T12:28:00Z
weather,Hayward,2.91,0,50,58,47,1642550400000000000,2023-11-05T12:29:00Z
weather,Hayward,2.24,0,50,62,42,1642636800000000000,2023-11-05T12:30:00Z
weather,Hayward,5.59,0,54,70,41,1642723200000000000,2023-11-05T12:31:00Z
weather,Hayward,10.07,0,63,70,47,1642809600000000000,2023-11-05T12:32:00Z
weather,Hayward,4.03,0,52,62,40,1642896000000000000,2023-11-05T12:33:00Z
weather,Hayward,3.8,0,51,62,41,1642982400000000000,2023-11-05T12:34:00Z
weather,Hayward,3.8,0,49,59,42,1643068800000000000,2023-11-05T12:35:00Z
weather,Hayward,4.03,0,48,59,41,1643155200000000000,2023-11-05T12:36:00Z
weather,Hayward,4.03,0,52,63,40,1643241600000000000,2023-11-05T12:37:00Z
weather,Hayward,4.25,0,53,69,41,1643328000000000000,2023-11-05T12:38:00Z
weather,Hayward,2.46,0,52,63,44,1643414400000000000,2023-11-05T12:39:00Z
weather,Hayward,4.7,0,50,60,41,1643500800000000000,2023-11-05T12:40:00Z
weather,Hayward,2.01,0,50,57,43,1643587200000000000,2023-11-05T12:41:00Z
weather,Hayward,7.16,0,50,63,38,1643673600000000000,2023-11-05T12:42:00Z
weather,Hayward,8.72,0,56,64,44,1643760000000000000,2023-11-05T12:43:00Z
weather,Hayward,3.58,0,51,64,40,1643846400000000000,2023-11-05T12:44:00Z
weather,Hayward,4.47,0,51,63,41,1643932800000000000,2023-11-05T12:45:00Z
weather,Hayward,3.36,0,51,64,42,1644019200000000000,2023-11-05T12:46:00Z
weather,Hayward,3.13,0,51,64,39,1644105600000000000,2023-11-05T12:47:00Z
weather,Hayward,3.36,0,52,65,40,1644192000000000000,2023-11-05T12:48:00Z
weather,Hayward,2.91,0,54,70,42,1644278400000000000,2023-11-05T12:49:00Z
weather,Hayward,4.25,0,58,76,44,1644364800000000000,2023-11-05T12:50:00Z
weather,Hayward,3.13,0,61,80,46,1644451200000000000,2023-11-05T12:51:00Z
weather,Hayward,3.36,0,61,76,49,1644537600000000000,2023-11-05T12:52:00Z
weather,Hayward,4.25,0,61,73,48,1644624000000000000,2023-11-05T12:53:00Z
weather,Hayward,3.8,0,61,74,49,1644710400000000000,2023-11-05T12:54:00Z
weather,Hayward,9.4,0,55,57,50,1644796800000000000,2023-11-05T12:55:00Z
weather,Hayward,7.61,0,53,63,43,1644883200000000000,2023-11-05T12:56:00Z
weather,Hayward,6.71,0,54,68,43,1644969600000000000,2023-11-05T12:57:00Z
weather,Hayward,6.26,0,61,69,47,1645056000000000000,2023-11-05T12:58:00Z
weather,Hayward,4.92,0,54,67,44,1645142400000000000,2023-11-05T12:59:00Z
weather,Hayward,3.36,0,55,70,43,1645228800000000000,2023-11-05T13:00:00Z
weather,Hayward,9.17,0,54,57,45,1645315200000000000,2023-11-05T13:01:00Z
weather,Hayward,9.84,0,49,58,38,1645401600000000000,2023-11-05T13:02:00Z
weather,Hayward,12.75,0,49,54,39,1645488000000000000,2023-11-05T13:03:00Z
weather,Hayward,6.04,0,44,57,33,1645574400000000000,2023-11-05T13:04:00Z
weather,Hayward,5.82,0,45,58,34,1645660800000000000,2023-11-05T13:05:00Z
weather,Hayward,5.59,0,47,61,37,1645747200000000000,2023-11-05T13:06:00Z
weather,Hayward,3.8,0,48,60,37,1645833600000000000,2023-11-05T13:07:00Z
weather,Hayward,5.82,0,55,69,41,1645920000000000000,2023-11-05T13:08:00Z
weather,Hayward,4.47,0,57,74,44,1646006400000000000,2023-11-05T13:09:00Z
weather,Hayward,4.25,0,57,69,44,1646092800000000000,2023-11-05T13:10:00Z
weather,Hayward,3.8,0,56,70,47,1646179200000000000,2023-11-05T13:11:00Z
weather,Hayward,2.91,0.05,54,57,49,1646265600000000000,2023-11-05T13:12:00Z
weather,Hayward,12.53,0.04,54,58,47,1646352000000000000,2023-11-05T13:13:00Z
weather,Hayward,7.83,0,49,60,41,1646438400000000000,2023-11-05T13:14:00Z
weather,Hayward,5.82,0,49,61,39,1646524800000000000,2023-11-05T13:15:00Z
weather,Hayward,6.04,0,51,69,40,1646611200000000000,2023-11-05T13:16:00Z
weather,Hayward,4.03,0,56,72,41,1646697600000000000,2023-11-05T13:17:00Z
weather,Hayward,8.28,0,54,63,44,1646784000000000000,2023-11-05T13:18:00Z
weather,Hayward,7.38,0,54,70,43,1646870400000000000,2023-11-05T13:19:00Z
weather,Hayward,5.14,0,54,71,40,1646956800000000000,2023-11-05T13:20:00Z
weather,Hayward,6.71,0,54,65,42,1647043200000000000,2023-11-05T13:21:00Z
weather,Hayward,7.38,0,56,64,47,1647129600000000000,2023-11-05T13:22:00Z
weather,Hayward,4.92,0,54,70,43,1647216000000000000,2023-11-05T13:23:00Z
weather,Hayward,7.38,0.08,59,66,51,1647302400000000000,2023-11-05T13:24:00Z
weather,Hayward,5.14,0,55,65,49,1647388800000000000,2023-11-05T13:25:00Z
weather,Hayward,5.82,0,54,60,48,1647475200000000000,2023-11-05T13:26:00Z
weather,Hayward,5.82,0,53,68,44,1647561600000000000,2023-11-05T13:27:00Z
weather,Hayward,6.49,0.05,53,56,47,1647648000000000000,2023-11-05T13:28:00Z
weather,Hayward,7.61,0,53,63,42,1647734400000000000,2023-11-05T13:29:00Z
weather,Hayward,5.37,0,54,67,45,1647820800000000000,2023-11-05T13:30:00Z
weather,Hayward,5.37,0,62,82,51,1647907200000000000,2023-11-05T13:31:00Z
weather,Hayward,5.37,0,58,64,49,1647993600000000000,2023-11-05T13:32:00Z
weather,Hayward,6.04,0,55,65,46,1648080000000000000,2023-11-05T13:33:00Z
weather,Hayward,5.37,0,53,64,48,1648166400000000000,2023-11-05T13:34:00Z
weather,Hayward,5.82,0,54,66,44,1648252800000000000,2023-11-05T13:35:00Z
weather,Hayward,8.05,0.08,56,66,50,1648339200000000000,2023-11-05T13:36:00Z
weather,Hayward,8.5,0.43,57,63,49,1648425600000000000,2023-11-05T13:37:00Z
weather,Hayward,9.17,0,54,57,51,1648512000000000000,2023-11-05T13:38:00Z
weather,Hayward,10.29,0,52,58,50,1648598400000000000,2023-11-05T13:39:00Z
weather,Hayward,5.82,0,53,64,47,1648684800000000000,2023-11-05T13:40:00Z
weather,Hayward,6.71,0,55,71,45,1648771200000000000,2023-11-05T13:41:00Z
weather,Hayward,5.37,0,56,72,46,1648857600000000000,2023-11-05T13:42:00Z
weather,Hayward,8.5,0,58,65,47,1648944000000000000,2023-11-05T13:43:00Z
weather,Hayward,9.62,0,56,65,50,1649030400000000000,2023-11-05T13:44:00Z
weather,Hayward,7.38,0,57,68,48,1649116800000000000,2023-11-05T13:45:00Z
weather,Hayward,5.59,0,60,81,47,1649203200000000000,2023-11-05T13:46:00Z
weather,Hayward,4.92,0,69,89,53,1649289600000000000,2023-11-05T13:47:00Z
weather,Hayward,6.71,0,68,74,53,1649376000000000000,2023-11-05T13:48:00Z
weather,Hayward,7.16,0,57,67,47,1649462400000000000,2023-11-05T13:49:00Z
weather,Hayward,10.07,0,57,67,45,1649548800000000000,2023-11-05T13:50:00Z
weather,Hayward,18.34,0.13,53,57,46,1649635200000000000,2023-11-05T13:51:00Z
weather,Hayward,12.97,0,50,58,41,1649721600000000000,2023-11-05T13:52:00Z
weather,Hayward,7.83,0,50,59,42,1649808000000000000,2023-11-05T13:53:00Z
weather,Hayward,8.28,0.11,54,59,51,1649894400000000000,2023-11-05T13:54:00Z
weather,Hayward,6.93,0.02,54,63,47,1649980800000000000,2023-11-05T13:55:00Z
weather,Hayward,9.84,0.39,56,61,46,1650067200000000000,2023-11-05T13:56:00Z
weather,Hayward,7.83,0,50,59,43,1650153600000000000,2023-11-05T13:57:00Z
weather,Hayward,6.71,0,53,69,41,1650240000000000000,2023-11-05T13:58:00Z
weather,Hayward,8.5,0.08,59,64,52,1650326400000000000,2023-11-05T13:59:00Z
weather,Hayward,9.84,0.27,57,68,48,1650412800000000000,2023-11-05T14:00:00Z
weather,Hayward,9.62,0.19,58,64,52,1650499200000000000,2023-11-05T14:01:00Z
weather,Hayward,8.72,0,56,62,50,1650585600000000000,2023-11-05T14:02:00Z
weather,Hayward,6.26,0,56,68,49,1650672000000000000,2023-11-05T14:03:00Z
weather,Hayward,7.16,0,58,71,51,1650758400000000000,2023-11-05T14:04:00Z
weather,Hayward,8.5,0,57,69,48,1650844800000000000,2023-11-05T14:05:00Z
weather,Hayward,10.74,0,56,61,50,1650931200000000000,2023-11-05T14:06:00Z
weather,Hayward,12.75,0,54,60,49,1651017600000000000,2023-11-05T14:07:00Z
weather,Hayward,15.21,0,54,60,48,1651104000000000000,2023-11-05T14:08:00Z
weather,Hayward,6.93,0,54,68,45,1651190400000000000,2023-11-05T14:09:00Z
weather,Hayward,10.51,0,56,65,49,1651276800000000000,2023-11-05T14:10:00Z
weather,Hayward,8.5,0,56,67,51,1651363200000000000,2023-11-05T14:11:00Z
weather,Hayward,10.07,0,55,62,50,1651449600000000000,2023-11-05T14:12:00Z
weather,Hayward,7.16,0,58,74,45,1651536000000000000,2023-11-05T14:13:00Z
weather,Hayward,6.26,0,61,79,50,1651622400000000000,2023-11-05T14:14:00Z
weather,Hayward,7.61,0,56,65,51,1651708800000000000,2023-11-05T14:15:00Z
weather,Hayward,8.72,0,61,72,56,1651795200000000000,2023-11-05T14:16:00Z
weather,Hayward,12.53,0,59,64,52,1651881600000000000,2023-11-05T14:17:00Z
weather,Hayward,15.88,0,55,61,49,1651968000000000000,2023-11-05T14:18:00Z
weather,Hayward,11.41,0,53,60,47,1652054400000000000,2023-11-05T14:19:00Z
weather,Hayward,10.74,0,53,60,45,1652140800000000000,2023-11-05T14:20:00Z
weather,Hayward,9.4,0,52,63,41,1652227200000000000,2023-11-05T14:21:00Z
weather,Hayward,9.4,0,54,62,47,1652313600000000000,2023-11-05T14:22:00Z
weather,Hayward,8.05,0,58,70,49,1652400000000000000,2023-11-05T14:23:00Z
weather,Hayward,6.04,0,61,74,53,1652486400000000000,2023-11-05T14:24:00Z
weather,Hayward,8.5,0,59,64,53,1652572800000000000,2023-11-05T14:25:00Z
weather,Hayward,12.08,0,57,62,53,1652659200000000000,2023-11-05T14:26:00Z
weather,Hayward,8.72,0,57,68,51,1652745600000000000,2023-11-05T14:27:00Z
weather,Hayward,5.59,0,60,79,50,1652832000000000000,2023-11-05T14:28:00Z
weather,Hayward,6.71,0,63,69,54,1652918400000000000,2023-11-05T14:29:00Z
weather,Hayward,8.5,0,61,73,50,1653004800000000000,2023-11-05T14:30:00Z
weather,Hayward,6.71,0,61,77,49,1653091200000000000,2023-11-05T14:31:00Z
weather,Hayward,6.49,0,60,71,51,1653177600000000000,2023-11-05T14:32:00Z
weather,Hayward,6.04,0,61,73,52,1653264000000000000,2023-11-05T14:33:00Z
weather,Hayward,5.37,0,66,89,53,1653350400000000000,2023-11-05T14:34:00Z
weather,Hayward,6.93,0,74,86,54,1653436800000000000,2023-11-05T14:35:00Z
weather,Hayward,9.62,0,61,70,52,1653523200000000000,2023-11-05T14:36:00Z
weather,Hayward,10.29,0,61,67,54,1653609600000000000,2023-11-05T14:37:00Z
weather,Hayward,10.74,0,60,71,55,1653696000000000000,2023-11-05T14:38:00Z
weather,Hayward,9.62,0,61,68,53,1653782400000000000,2023-11-05T14:39:00Z
weather,Hayward,9.4,0,60,68,51,1653868800000000000,2023-11-05T14:40:00Z
weather,Hayward 0,60,76,50,1.65396E+18,,,2023-11-05T14:41:00Z
weather,Hayward,5.82,0,63,77,51,1654041600000000000,2023-11-05T14:42:00Z
weather,Hayward,6.71,0,60,68,54,1654128000000000000,2023-11-05T14:43:00Z
weather,Hayward,8.05,0,61,69,56,1654214400000000000,2023-11-05T14:44:00Z
weather,Hayward,3.8,0.02,62,71,57,1654300800000000000,2023-11-05T14:45:00Z
weather,Hayward,7.61,0.07,67,77,61,1654387200000000000,2023-11-05T14:46:00Z
weather,Hayward,7.16,0,63,69,56,1654473600000000000,2023-11-05T14:47:00Z
weather,Hayward,7.83,0,60,68,53,1654560000000000000,2023-11-05T14:48:00Z
weather,Hayward,7.61,0,62,69,56,1654646400000000000,2023-11-05T14:49:00Z
weather,Hayward,6.04,0,63,79,55,1654732800000000000,2023-11-05T14:50:00Z
weather,Hayward,6.49,0,71,91,62,1654819200000000000,2023-11-05T14:51:00Z
weather,Hayward,8.28,0,71,79,61,1654905600000000000,2023-11-05T14:52:00Z
weather,Hayward,8.5,0,66,75,57,1654992000000000000,2023-11-05T14:53:00Z
weather,Hayward,8.28,0,61,71,53,1655078400000000000,2023-11-05T14:54:00Z
weather,Hayward,6.71,0,65,79,54,1655164800000000000,2023-11-05T14:55:00Z
weather,Hayward,6.04,0,64,74,55,1655251200000000000,2023-11-05T14:56:00Z
weather,Hayward,13.42,0,60,67,55,1655337600000000000,2023-11-05T14:57:00Z
weather,Hayward,12.75,0,60,67,55,1655424000000000000,2023-11-05T14:58:00Z
weather,Hayward,9.4,0,60,67,55,1655510400000000000,2023-11-05T14:59:00Z
weather,Hayward,6.49,0,62,77,52,1655596800000000000,2023-11-05T15:00:00Z
weather,Hayward,5.82,0,66,83,54,1655683200000000000,2023-11-05T15:01:00Z
weather,Hayward,5.82,0,75,98,61,1655769600000000000,2023-11-05T15:02:00Z
weather,Hayward,6.26,0,77,90,61,1655856000000000000,2023-11-05T15:03:00Z
weather,Hayward,7.38,0,70,86,59,1655942400000000000,2023-11-05T15:04:00Z
weather,Hayward,6.93,0,69,84,57,1656028800000000000,2023-11-05T15:05:00Z
weather,Hayward,8.5,0,65,75,55,1656115200000000000,2023-11-05T15:06:00Z
weather,Hayward,8.5,0,63,75,54,1656201600000000000,2023-11-05T15:07:00Z
weather,Hayward,7.61,0,62,74,56,1656288000000000000,2023-11-05T15:08:00Z
weather,Hayward,7.16,0,62,71,55,1656374400000000000,2023-11-05T15:09:00Z
weather,Hayward,11.63,0,61,67,56,1656460800000000000,2023-11-05T15:10:00Z
weather,Hayward,11.63,0,59,64,56,1656547200000000000,2023-11-05T15:11:00Z
weather,Hayward,10.74,0,59,67,56,1656633600000000000,2023-11-05T15:12:00Z
weather,Hayward,12.3,0,58,61,56,1656720000000000000,2023-11-05T15:13:00Z
weather,Hayward,10.51,0,59,64,56,1656806400000000000,2023-11-05T15:14:00Z
weather,Hayward,7.61,0,63,77,58,1656892800000000000,2023-11-05T15:15:00Z
weather,Hayward,9.4,0,69,76,64,1656979200000000000,2023-11-05T15:16:00Z
weather,Hayward,11.41,0,67,73,61,1657065600000000000,2023-11-05T15:17:00Z
weather,Hayward,9.17,0,63,72,58,1657152000000000000,2023-11-05T15:18:00Z
weather,Hayward,8.05,0,64,72,57,1657238400000000000,2023-11-05T15:19:00Z
weather,Hayward,8.05,0,62,69,58,1657324800000000000,2023-11-05T15:20:00Z
weather,Hayward,5.82,0,66,86,58,1657411200000000000,2023-11-05T15:21:00Z
weather,Hayward,8.72,0,70,79,59,1657497600000000000,2023-11-05T15:22:00Z
weather,Hayward,8.95,0,65,76,58,1657584000000000000,2023-11-05T15:23:00Z
weather,Hayward,10.51,0,66,74,59,1657670400000000000,2023-11-05T15:24:00Z
weather,Hayward,8.5,0,63,71,57,1657756800000000000,2023-11-05T15:25:00Z
weather,Hayward,7.61,0,62,69,56,1657843200000000000,2023-11-05T15:26:00Z
weather,Hayward,6.26,0,64,80,57,1657929600000000000,2023-11-05T15:27:00Z
weather,Hayward,7.38,0,65,74,57,1658016000000000000,2023-11-05T15:28:00Z
weather,Hayward,7.83,0,66,80,58,1658102400000000000,2023-11-05T15:29:00Z
weather,Hayward,9.4,0,63,72,55,1658188800000000000,2023-11-05T15:30:00Z
weather,Hayward,7.61,0,61,72,56,1658275200000000000,2023-11-05T15:31:00Z
weather,Hayward,6.93,0,61,71,55,1658361600000000000,2023-11-05T15:32:00Z
weather,Hayward,7.38,0,62,73,56,1658448000000000000,2023-11-05T15:33:00Z
weather,Hayward,9.4,0,61,72,55,1658534400000000000,2023-11-05T15:34:00Z
weather,Hayward,8.05,0,62,76,55,1658620800000000000,2023-11-05T15:35:00Z
weather,Hayward,9.17,0,61,73,56,1658707200000000000,2023-11-05T15:36:00Z
weather,Hayward,9.62,0,64,75,58,1658793600000000000,2023-11-05T15:37:00Z
weather,Hayward,9.62,0,63,72,57,1658880000000000000,2023-11-05T15:38:00Z
weather,Hayward,8.72,0,61,68,57,1658966400000000000,2023-11-05T15:39:00Z
weather,Hayward,10.96,0,63,70,59,1659052800000000000,2023-11-05T15:40:00Z
weather,Hayward,10.51,0,63,70,61,1659139200000000000,2023-11-05T15:41:00Z
weather,Hayward,8.28,0,64,70,61,1659225600000000000,2023-11-05T15:42:00Z
weather,Hayward,5.59,0,65,82,60,1659312000000000000,2023-11-05T15:43:00Z
weather,Hayward,7.16,0,70,81,60,1659398400000000000,2023-11-05T15:44:00Z
weather,Hayward,6.71,0,66,77,60,1659484800000000000,2023-11-05T15:45:00Z
weather,Hayward,9.4,0,68,81,61,1659571200000000000,2023-11-05T15:46:00Z
weather,Hayward,9.17,0,67,77,62,1659657600000000000,2023-11-05T15:47:00Z
weather,Hayward,8.95,0,67,73,62,1659744000000000000,2023-11-05T15:48:00Z
weather,Hayward,10.29,0,66,73,62,1659830400000000000,2023-11-05T15:49:00Z
weather,Hayward,10.51,0,66,74,61,1659916800000000000,2023-11-05T15:50:00Z
weather,Hayward,10.51,0,67,75,62,1660003200000000000,2023-11-05T15:51:00Z
weather,Hayward,8.95,0,68,78,64,1660089600000000000,2023-11-05T15:52:00Z
weather,Hayward,10.07,0,67,74,63,1660176000000000000,2023-11-05T15:53:00Z
weather,Hayward,8.72,0,66,72,61,1660262400000000000,2023-11-05T15:54:00Z
weather,Hayward,5.82,0,65,75,57,1660348800000000000,2023-11-05T15:55:00Z
weather,Hayward,6.71,0,66,82,57,1660435200000000000,2023-11-05T15:56:00Z
weather,Hayward,5.14,0,67,85,58,1660521600000000000,2023-11-05T15:57:00Z
weather,Hayward,4.92,0,71,90,58,1660608000000000000,2023-11-05T15:58:00Z
weather,Hayward,6.71,0,71,83,60,1660694400000000000,2023-11-05T15:59:00Z
weather,Hayward,7.61,0,66,77,56,1660780800000000000,2023-11-05T16:00:00Z
weather,Hayward,6.71,0,64,73,59,1660867200000000000,2023-11-05T16:01:00Z
weather,Hayward,6.93,0,67,83,58,1660953600000000000,2023-11-05T16:02:00Z
weather,Hayward,8.05,0,66,77,56,1661040000000000000,2023-11-05T16:03:00Z
weather,Hayward,7.61,0,65,78,58,1661126400000000000,2023-11-05T16:04:00Z
weather,Hayward,6.71,0,67,82,61,1661212800000000000,2023-11-05T16:05:00Z
weather,Hayward,6.71,0,65,79,60,1661299200000000000,2023-11-05T16:06:00Z
weather,Hayward,8.28,0,65,79,60,1661385600000000000,2023-11-05T16:07:00Z
weather,Hayward,7.83,0,66,78,59,1661472000000000000,2023-11-05T16:08:00Z
weather,Hayward,7.38,0,65,78,59,1661558400000000000,2023-11-05T16:09:00Z
weather,Hayward,8.05,0,65,75,60,1661644800000000000,2023-11-05T16:10:00Z
weather,Hayward,7.83,0,65,75,60,1661731200000000000,2023-11-05T16:11:00Z
weather,Hayward,7.38,0,65,75,58,1661817600000000000,2023-11-05T16:12:00Z
weather,Hayward,6.26,0,65,75,59,1661904000000000000,2023-11-05T16:13:00Z
weather,Hayward,5.82,0,67,81,56,1661990400000000000,2023-11-05T16:14:00Z
weather,Hayward,6.26,0,64,74,56,1662076800000000000,2023-11-05T16:15:00Z
weather,Hayward,5.59,0,68,81,59,1662163200000000000,2023-11-05T16:16:00Z
weather,Hayward,3.58,0,71,94,60,1662249600000000000,2023-11-05T16:17:00Z
weather,Hayward,2.68,0,80,102,64,1662336000000000000,2023-11-05T16:18:00Z
weather,Hayward,4.92,0,85,107,70,1662422400000000000,2023-11-05T16:19:00Z
weather,Hayward,5.37,0,79,98,65,1662508800000000000,2023-11-05T16:20:00Z
weather,Hayward,4.25,0,80,100,66,1662595200000000000,2023-11-05T16:21:00Z
weather,Hayward,6.71,0,72,83,61,1662681600000000000,2023-11-05T16:22:00Z
weather,Hayward,6.49,0,68,79,62,1662768000000000000,2023-11-05T16:23:00Z
weather,Hayward,5.82,0,72,82,65,1662854400000000000,2023-11-05T16:24:00Z
weather,Hayward,7.83,0,67,72,61,1662940800000000000,2023-11-05T16:25:00Z
weather,Hayward,11.41,0,64,70,61,1663027200000000000,2023-11-05T16:26:00Z
weather,Hayward,8.72,0,65,73,62,1663113600000000000,2023-11-05T16:27:00Z
weather,Hayward,9.17,0,65,70,61,1663200000000000000,2023-11-05T16:28:00Z
weather,Hayward,8.5,0,65,74,60,1663286400000000000,2023-11-05T16:29:00Z
weather,Hayward,9.17,0,62,69,58,1663372800000000000,2023-11-05T16:30:00Z
weather,Hayward,13.87,0.21,65,71,62,1663459200000000000,2023-11-05T16:31:00Z
weather,Hayward,6.71,0,65,77,57,1663545600000000000,2023-11-05T16:32:00Z
weather,Hayward,6.26,0,65,76,56,1663632000000000000,2023-11-05T16:33:00Z
weather,Hayward,5.14,0.02,66,73,59,1663718400000000000,2023-11-05T16:34:00Z
weather,Hayward,6.49,0,65,79,57,1663804800000000000,2023-11-05T16:35:00Z
weather,Hayward,6.04,0,68,86,57,1663891200000000000,2023-11-05T16:36:00Z