location,wind_avg,precip,temp_avg,temp_max,temp_min,time
Hayward,2.24,0,50,57,44,2023-11-05T00:00:00Z
Hayward,3.8,0,51,60,44,2023-11-05T00:01:00Z
Hayward,3.13,0,50,62,41,2023-11-05T00:02:00Z
Hayward,4.47,0,51,59,43,2023-11-05T00:03:00Z
Hayward,3.8,0,48,59,37,2023-11-05T00:04:00Z
Hayward,3.8,0,49,60,38,2023-11-05T00:05:00Z
Hayward,5.14,0,48,58,39,2023-11-05T00:06:00Z
Hayward,5.14,0,51,57,42,2023-11-05T00:07:00Z
Hayward,7.16,0.17,51,56,42,2023-11-05T00:08:00Z
Hayward,4.92,0,47,58,39,2023-11-05T00:09:00Z
Hayward,5.14,0.02,50,58,42,2023-11-05T00:10:00Z
Hayward,5.59,0.01,46,55,37,2023-11-05T00:11:00Z
Hayward,8.05,0.07,49,56,43,2023-11-05T00:12:00Z
Hayward,5.14,0.05,52,55,42,2023-11-05T00:13:00Z
Hayward,4.92,0,45,52,38,2023-11-05T00:14:00Z
Hayward,11.41,0.79,48,52,43,2023-11-05T00:15:00Z
Hayward,4.92,0,45,55,38,2023-11-05T00:16:00Z
Hayward,6.93,0,48,58,43,2023-11-05T00:17:00Z
Hayward,5.82,0,48,54,40,2023-11-05T00:18:00Z
Hayward,3.13,0,49,56,45,2023-11-05T00:19:00Z
Hayward,8.28,0.08,52,59,45,2023-11-05T00:20:00Z
Hayward,4.03,0.01,55,60,51,2023-11-05T00:21:00Z
Hayward,2.68,0,53,59,47,2023-11-05T00:22:00Z
Hayward,2.68,0,53,63,45,2023-11-05T00:23:00Z
Hayward,2.68,0.01,56,64,51,2023-11-05T00:24:00Z
Hayward,6.04,0.18,58,60,47,2023-11-05T00:25:00Z
Hayward,3.8,0,51,59,44,2023-11-05T00:26:00Z
Hayward,4.7,0.01,54,60,47,2023-11-05T00:27:00Z
Hayward,4.25,0,51,60,43,2023-11-05T00:28:00Z
Hayward,3.58,0,53,61,47,2023-11-05T00:29:00Z
Hayward,3.58,0,53,66,47,2023-11-05T00:30:00Z
Hayward,4.03,0,56,65,45,2023-11-05T00:31:00Z
Hayward,11.86,0,54,58,43,2023-11-05T00:32:00Z
Hayward,7.61,0,46,57,35,2023-11-05T00:33:00Z
Hayward,6.71,0,48,57,37,2023-11-05T00:34:00Z
Hayward,4.03,0,46,60,37,2023-11-05T00:35:00Z
Hayward,2.46,0,51,64,41,2023-11-05T00:36:00Z
Hayward,3.8,0,53,66,41,2023-11-05T00:37:00Z
Hayward,4.47,0,52,59,45,2023-11-05T00:38:00Z
Hayward,17,0,53,63,42,2023-11-05T00:39:00Z
Hayward,4.92,0,57,74,43,2023-11-05T00:40:00Z
Hayward,4.47,0,60,72,48,2023-11-05T00:41:00Z
Hayward,4.25,0,55,67,43,2023-11-05T00:42:00Z
Hayward,6.26,0,51,57,44,2023-11-05T00:43:00Z
Hayward,4.92,0,52,58,47,2023-11-05T00:44:00Z
Hayward,4.47,0,52,63,42,2023-11-05T00:45:00Z
Hayward,5.59,0,53,60,46,2023-11-05T00:46:00Z
Hayward,4.47,0,53,70,43,2023-11-05T00:47:00Z
Hayward,3.58,0,55,65,44,2023-11-05T00:48:00Z
Hayward,4.25,0,51,64,41,2023-11-05T00:49:00Z
Hayward,4.92,0,53,65,44,2023-11-05T00:50:00Z
Hayward,4.03,0,58,74,46,2023-11-05T00:51:00Z
Hayward,8.95,0,58,61,50,2023-11-05T00:52:00Z
Hayward,8.5,0,53,59,48,2023-11-05T00:53:00Z
Hayward,4.92,0,53,67,44,2023-11-05T00:54:00Z
Hayward,4.25,0,57,77,43,2023-11-05T00:55:00Z
Hayward,3.8,0,60,74,47,2023-11-05T00:56:00Z
Hayward,4.92,0,60,74,49,2023-11-05T00:57:00Z
Hayward,4.92,0,62,73,51,2023-11-05T00:58:00Z
Hayward,12.3,0,54,58,49,2023-11-05T00:59:00Z
Hayward,8.5,0,51,60,42,2023-11-05T01:00:00Z
Hayward,8.95,0,59,73,47,2023-11-05T01:01:00Z
Hayward,6.26,0,62,76,47,2023-11-05T01:02:00Z
Hayward,5.37,0,60,77,48,2023-11-05T01:03:00Z
Hayward,5.82,0,57,65,48,2023-11-05T01:04:00Z
Hayward,8.28,0,56,61,50,2023-11-05T01:05:00Z
Hayward,6.49,0.23,52,55,49,2023-11-05T01:06:00Z
Hayward,4.92,0,52,60,45,2023-11-05T01:07:00Z
Hayward,5.37,0,55,66,47,2023-11-05T01:08:00Z
Hayward,5.14,0.01,59,70,52,2023-11-05T01:09:00Z
Hayward,6.49,0.01,61,70,52,2023-11-05T01:10:00Z
Hayward,5.37,0,57,70,47,2023-11-05T01:11:00Z
Hayward,9.62,0,56,66,46,2023-11-05T01:12:00Z
Hayward,8.72,0.48,53,54,49,2023-11-05T01:13:00Z
Hayward,9.17,0.44,51,54,46,2023-11-05T01:14:00Z
Hayward,7.16,0.24,47,56,42,2023-11-05T01:15:00Z
Hayward,5.82,0,48,57,40,2023-11-05T01:16:00Z
Hayward,6.49,0,49,55,45,2023-11-05T01:17:00Z
Hayward,5.82,0,52,61,45,2023-11-05T01:18:00Z
Hayward,6.04,0,53,64,43,2023-11-05T01:19:00Z
Hayward,4.47,0.01,53,63,45,2023-11-05T01:20:00Z
Hayward,5.37,0,56,69,48,2023-11-05T01:21:00Z
Hayward,8.05,0,54,55,48,2023-11-05T01:22:00Z
Hayward,7.83,0.07,52,58,48,2023-11-05T01:23:00Z
Hayward,8.5,0.03,51,57,43,2023-11-05T01:24:00Z
Hayward,6.04,0.04,48,58,37,2023-11-05T01:25:00Z
Hayward,8.28,0,50,58,39,2023-11-05T01:26:00Z
Hayward,5.59,0.1,53,59,49,2023-11-05T01:27:00Z
Hayward,7.16,0.03,55,62,51,2023-11-05T01:28:00Z
Hayward,6.93,0,56,63,51,2023-11-05T01:29:00Z
Hayward,7.38,0,56,64,49,2023-11-05T01:30:00Z
Hayward,6.71,0,54,61,47,2023-11-05T01:31:00Z
Hayward,8.5,0,53,65,41,2023-11-05T01:32:00Z
Hayward,8.95,0,53,61,44,2023-11-05T01:33:00Z
Hayward,9.4,0.42,53,60,49,2023-11-05T01:34:00Z
Hayward,6.93,0.41,53,55,46,2023-11-05T01:35:00Z
Hayward,3.58,0.41,48,52,43,2023-11-05T01:36:00Z
Hayward,7.38,0,49,63,39,2023-11-05T01:37:00Z
Hayward,6.26,0,55,62,47,2023-11-05T01:38:00Z
Hayward,6.93,0,57,64,54,2023-11-05T01:39:00Z
Hayward,8.28,0,58,64,53,2023-11-05T01:40:00Z
Hayward,8.5,0,55,60,52,2023-11-05T01:41:00Z
Hayward,7.16,0,56,62,53,2023-11-05T01:42:00Z
Hayward,6.26,0,57,68,51,2023-11-05T01:43:00Z
Hayward,6.26,0,59,77,46,2023-11-05T01:44:00Z
Hayward,7.16,0,62,77,49,2023-11-05T01:45:00Z
Hayward,8.5,0,57,62,54,2023-11-05T01:46:00Z
Hayward,9.17,0,56,62,54,2023-11-05T01:47:00Z
Hayward,8.5,0,58,64,54,2023-11-05T01:48:00Z
Hayward,8.05,0,57,65,52,2023-11-05T01:49:00Z
Hayward,10.29,0,57,63,54,2023-11-05T01:50:00Z
Hayward,9.17,0,56,65,54,2023-11-05T01:51:00Z
Hayward,7.16,0,59,71,51,2023-11-05T01:52:00Z
Hayward,6.71,0,61,70,56,2023-11-05T01:53:00Z
Hayward,4.03,0,63,76,52,2023-11-05T01:54:00Z
Hayward,4.92,0,65,78,54,2023-11-05T01:55:00Z
Hayward,5.82,0,60,67,53,2023-11-05T01:56:00Z
Hayward,6.71,0,60,72,52,2023-11-05T01:57:00Z
Hayward,6.04,0,64,77,56,2023-11-05T01:58:00Z
Hayward,8.05,0,59,65,55,2023-11-05T01:59:00Z
Hayward,7.61,0,59,69,54,2023-11-05T02:00:00Z
Hayward,8.72,0,59,71,50,2023-11-05T02:01:00Z
Hayward,8.5,0,61,70,55,2023-11-05T02:02:00Z
Hayward,8.5,0,60,67,51,2023-11-05T02:03:00Z
Hayward,6.93,0,59,74,48,2023-11-05T02:04:00Z
Hayward,9.17,0,60,70,48,2023-11-05T02:05:00Z
Hayward,6.93,0,62,77,51,2023-11-05T02:06:00Z
Hayward,5.82,0,66,85,52,2023-11-05T02:07:00Z
Hayward,6.04,0,68,88,52,2023-11-05T02:08:00Z
Hayward,9.17,0,60,69,51,2023-11-05T02:09:00Z
Hayward,8.5,0,60,68,56,2023-11-05T02:10:00Z
Hayward,9.17,0,61,77,52,2023-11-05T02:11:00Z
Hayward,9.62,0.07,61,67,56,2023-11-05T02:12:00Z
Hayward,7.61,0,60,68,51,2023-11-05T02:13:00Z
Hayward,6.93,0.04,62,69,57,2023-11-05T02:14:00Z
Hayward,9.62,0.02,62,69,56,2023-11-05T02:15:00Z
Hayward,8.5,0,62,73,55,2023-11-05T02:16:00Z
Hayward,11.18,0.26,67,78,58,2023-11-05T02:17:00Z
Hayward,10.51,0.22,62,67,57,2023-11-05T02:18:00Z
Hayward,10.96,0.08,60,67,55,2023-11-05T02:19:00Z
Hayward,8.95,0,60,69,56,2023-11-05T02:20:00Z
Hayward,8.05,0,62,75,55,2023-11-05T02:21:00Z
Hayward,9.4,0,60,69,54,2023-11-05T02:22:00Z
Hayward,7.16,0,62,76,51,2023-11-05T02:23:00Z
Hayward,6.26,0,64,85,53,2023-11-05T02:24:00Z
Hayward,6.49,0,73,92,60,2023-11-05T02:25:00Z
Hayward,4.7,0,74,92,62,2023-11-05T02:26:00Z
Hayward,6.71,0,76,87,57,2023-11-05T02:27:00Z
Hayward,8.5,0,64,77,55,2023-11-05T02:28:00Z
Hayward,10.51,0,63,73,58,2023-11-05T02:29:00Z
Hayward,8.72,0,67,75,60,2023-11-05T02:30:00Z
Hayward,7.83,0,63,69,58,2023-11-05T02:31:00Z
Hayward,7.16,0,63,74,58,2023-11-05T02:32:00Z
Hayward,6.71,0,70,88,58,2023-11-05T02:33:00Z
Hayward,6.49,0,77,93,61,2023-11-05T02:34:00Z
Hayward,7.38,0,71,85,59,2023-11-05T02:35:00Z
Hayward,13.65,0,62,65,58,2023-11-05T02:36:00Z
Hayward,14.99,0,61,67,57,2023-11-05T02:37:00Z
Hayward,13.65,0,60,67,53,2023-11-05T02:38:00Z
Hayward,8.72,0,62,75,50,2023-11-05T02:39:00Z
Hayward,6.71,0,66,84,53,2023-11-05T02:40:00Z
Hayward,6.04,0,68,83,57,2023-11-05T02:41:00Z
Hayward,6.71,0,66,80,58,2023-11-05T02:42:00Z
Hayward,13.2,0,63,69,58,2023-11-05T02:43:00Z
Hayward,10.96,0,62,69,58,2023-11-05T02:44:00Z
Hayward,7.83,0,64,72,60,2023-11-05T02:45:00Z
Hayward,9.84,0,64,71,58,2023-11-05T02:46:00Z
Hayward,9.17,0,63,72,56,2023-11-05T02:47:00Z
Hayward,7.16,0,66,83,54,2023-11-05T02:48:00Z
Hayward,7.61,0,73,88,59,2023-11-05T02:49:00Z
Hayward,8.5,0,68,77,56,2023-11-05T02:50:00Z
Hayward,6.93,0,63,75,57,2023-11-05T02:51:00Z
Hayward,7.61,0,64,71,59,2023-11-05T02:52:00Z
Hayward,7.38,0,65,79,59,2023-11-05T02:53:00Z
Hayward,9.4,0,66,78,58,2023-11-05T02:54:00Z
Hayward,8.05,0,66,78,60,2023-11-05T02:55:00Z
Hayward,8.95,0,65,75,59,2023-11-05T02:56:00Z
Hayward,9.62,0,65,76,58,2023-11-05T02:57:00Z
Hayward,9.62,0,65,75,59,2023-11-05T02:58:00Z
Hayward,11.86,0,62,70,58,2023-11-05T02:59:00Z
Hayward,7.83,0,63,76,54,2023-11-05T03:00:00Z
Hayward,6.93,0,68,84,57,2023-11-05T03:01:00Z
Hayward,7.61,0,64,75,57,2023-11-05T03:02:00Z
Hayward,9.62,0,63,74,57,2023-11-05T03:03:00Z
Hayward,7.38,0,63,73,57,2023-11-05T03:04:00Z
Hayward,6.04,0,65,82,55,2023-11-05T03:05:00Z
Hayward,5.82,0,67,75,58,2023-11-05T03:06:00Z
Hayward,11.41,0,63,70,57,2023-11-05T03:07:00Z
Hayward,8.72,0,63,76,56,2023-11-05T03:08:00Z
Hayward,7.61,0,65,78,56,2023-11-05T03:09:00Z
Hayward,5.59,0,65,79,56,2023-11-05T03:10:00Z
Hayward,5.82,0,66,79,55,2023-11-05T03:11:00Z
Hayward,5.14,0,68,82,58,2023-11-05T03:12:00Z
Hayward,6.04,0,69,85,59,2023-11-05T03:13:00Z
Hayward,9.17,0,65,73,58,2023-11-05T03:14:00Z
Hayward,8.95,0,64,74,59,2023-11-05T03:15:00Z
Hayward,8.5,0,65,76,59,2023-11-05T03:16:00Z
Hayward,9.84,0,64,73,59,2023-11-05T03:17:00Z
Hayward,8.72,0,65,76,60,2023-11-05T03:18:00Z
Hayward,8.72,0,65,77,59,2023-11-05T03:19:00Z
Hayward,9.84,0,65,73,59,2023-11-05T03:20:00Z
Hayward,10.74,0,63,70,59,2023-11-05T03:21:00Z
Hayward,8.5,0,63,72,58,2023-11-05T03:22:00Z
Hayward,9.4,0,65,76,60,2023-11-05T03:23:00Z
Hayward,7.61,0,65,75,59,2023-11-05T03:24:00Z
Hayward,9.62,0,63,70,58,2023-11-05T03:25:00Z
Hayward,6.93,0,65,78,60,2023-11-05T03:26:00Z
Hayward,8.72,0,65,75,59,2023-11-05T03:27:00Z
Hayward,8.5,0,65,76,58,2023-11-05T03:28:00Z
Hayward,7.61,0,63,72,58,2023-11-05T03:29:00Z
Hayward,7.83,0,63,73,58,2023-11-05T03:30:00Z
Hayward,8.5,0,64,73,59,2023-11-05T03:31:00Z
Hayward,7.61,0,63,71,58,2023-11-05T03:32:00Z
Hayward,7.16,0,65,73,59,2023-11-05T03:33:00Z
Hayward,6.26,0,65,74,59,2023-11-05T03:34:00Z
Hayward,7.16,0,67,77,60,2023-11-05T03:35:00Z
Hayward,10.29,0,65,70,61,2023-11-05T03:36:00Z
Hayward,11.41,0,63,67,60,2023-11-05T03:37:00Z
Hayward,8.5,0,66,76,61,2023-11-05T03:38:00Z
Hayward,6.93,0,68,80,61,2023-11-05T03:39:00Z
Hayward,6.71,0,68,82,60,2023-11-05T03:40:00Z
Hayward,6.93,0,69,83,59,2023-11-05T03:41:00Z
Hayward,8.95,0,68,80,59,2023-11-05T03:42:00Z
Hayward,9.62,0,67,76,61,2023-11-05T03:43:00Z
Hayward,6.71,0,68,79,61,2023-11-05T03:44:00Z
Hayward,4.92,0,72,94,61,2023-11-05T03:45:00Z
Hayward,5.82,0,83,103,71,2023-11-05T03:46:00Z
Hayward,5.59,0,83,97,69,2023-11-05T03:47:00Z
Hayward,7.61,0.09,82,96,71,2023-11-05T03:48:00Z
Hayward,5.14,0,77,94,70,2023-11-05T03:49:00Z
Hayward,4.25,0,76,91,68,2023-11-05T03:50:00Z
Hayward,5.14,0,75,84,66,2023-11-05T03:51:00Z
Hayward,7.38,0,70,79,59,2023-11-05T03:52:00Z
Hayward,5.37,0,70,83,64,2023-11-05T03:53:00Z
Hayward,4.7,0,72,84,64,2023-11-05T03:54:00Z
Hayward,5.82,0,71,83,62,2023-11-05T03:55:00Z
Hayward,6.04,0,73,85,64,2023-11-05T03:56:00Z
Hayward,8.72,0,68,79,62,2023-11-05T03:57:00Z
Hayward,8.28,0,65,69,59,2023-11-05T03:58:00Z
Hayward,7.61,0,63,74,58,2023-11-05T03:59:00Z
Hayward,6.26,0,65,76,59,2023-11-05T04:00:00Z
Hayward,7.83,0,65,75,59,2023-11-05T04:01:00Z
Hayward,7.38,0,65,75,59,2023-11-05T04:02:00Z
Hayward,6.26,0,65,77,58,2023-11-05T04:03:00Z
Hayward,6.93,0,64,74,61,2023-11-05T04:04:00Z
Hayward,8.95,0,66,74,62,2023-11-05T04:05:00Z
Hayward,6.93,0,64,70,61,2023-11-05T04:06:00Z
Hayward,5.37,0,65,77,60,2023-11-05T04:07:00Z
Hayward,3.36,0,73,98,62,2023-11-05T04:08:00Z
Hayward,3.58,0,85,106,72,2023-11-05T04:09:00Z
Hayward,4.47,0,86,103,66,2023-11-05T04:10:00Z
Hayward,4.47,0,72,83,62,2023-11-05T04:11:00Z
Hayward,2.91,0,65,66,61,2023-11-05T04:12:00Z
Hayward,2.24,0,64,68,60,2023-11-05T04:13:00Z
Hayward,3.58,0,64,77,58,2023-11-05T04:14:00Z
Hayward,3.8,0,66,82,56,2023-11-05T04:15:00Z
Hayward,6.93,0,64,71,58,2023-11-05T04:16:00Z
Hayward,6.26,0,64,73,61,2023-11-05T04:17:00Z
Hayward,5.14,0,67,77,60,2023-11-05T04:18:00Z
Hayward,6.04,0,69,80,65,2023-11-05T04:19:00Z
Hayward,5.82,0,70,78,66,2023-11-05T04:20:00Z
Hayward,8.05,0,69,76,64,2023-11-05T04:21:00Z
Hayward,5.59,0,69,79,64,2023-11-05T04:22:00Z
Hayward,4.92,0,72,89,60,2023-11-05T04:23:00Z
Hayward,6.26,0,68,79,58,2023-11-05T04:24:00Z
Hayward,6.93,0,67,77,62,2023-11-05T04:25:00Z
Hayward,6.49,0,67,79,59,2023-11-05T04:26:00Z
Hayward,7.83,0,69,79,64,2023-11-05T04:27:00Z
Hayward,7.61,0,67,75,62,2023-11-05T04:28:00Z
Hayward,4.92,0,67,80,58,2023-11-05T04:29:00Z
Hayward,5.14,0,74,98,61,2023-11-05T04:30:00Z
Hayward,4.92,0,83,97,64,2023-11-05T04:31:00Z
Hayward,5.82,0,69,81,60,2023-11-05T04:32:00Z
Hayward,3.13,0,67,87,61,2023-11-05T04:33:00Z
Hayward,2.24,0,77,96,67,2023-11-05T04:34:00Z
Hayward,2.68,0,76,91,62,2023-11-05T04:35:00Z
Hayward,3.36,0,70,90,59,2023-11-05T04:36:00Z
Hayward,4.03,0,66,79,57,2023-11-05T04:37:00Z
Hayward,3.8,0,64,82,52,2023-11-05T04:38:00Z
Hayward,4.7,0,64,76,55,2023-11-05T04:39:00Z
Hayward,6.49,0,62,67,56,2023-11-05T04:40:00Z
Hayward,7.83,0,63,68,61,2023-11-05T04:41:00Z
Hayward,3.8,0,63,71,60,2023-11-05T04:42:00Z
Hayward,6.71,0,66,75,59,2023-11-05T04:43:00Z
Hayward,5.37,0,67,78,59,2023-11-05T04:44:00Z
Hayward,4.92,0,68,86,57,2023-11-05T04:45:00Z
Hayward,4.03,0,70,87,59,2023-11-05T04:46:00Z
Hayward,3.8,0,72,89,62,2023-11-05T04:47:00Z
Hayward,4.25,0,77,97,61,2023-11-05T04:48:00Z
Hayward,4.47,0,80,92,66,2023-11-05T04:49:00Z
Hayward,3.58,0,75,92,61,2023-11-05T04:50:00Z
Hayward,4.25,0,72,84,60,2023-11-05T04:51:00Z
Hayward,4.03,0,66,78,55,2023-11-05T04:52:00Z
Hayward,3.13,0,67,85,57,2023-11-05T04:53:00Z
Hayward,3.8,0,69,86,57,2023-11-05T04:54:00Z
Hayward,5.14,0,65,76,56,2023-11-05T04:55:00Z
Hayward,6.04,0,62,72,54,2023-11-05T04:56:00Z
Hayward,4.92,0,61,71,53,2023-11-05T04:57:00Z
Hayward,7.83,0,63,73,57,2023-11-05T04:58:00Z
Hayward,9.62,0,66,78,55,2023-11-05T04:59:00Z
Hayward,5.14,0,65,82,51,2023-11-05T05:00:00Z
Hayward,4.25,0,63,75,51,2023-11-05T05:01:00Z
Hayward,4.03,0,61,77,50,2023-11-05T05:02:00Z
Hayward,3.8,0,59,71,49,2023-11-05T05:03:00Z
Hayward,3.13,0,60,77,49,2023-11-05T05:04:00Z
Hayward,2.91,0,62,77,51,2023-11-05T05:05:00Z
Hayward,2.91,0,64,80,51,2023-11-05T05:06:00Z
Hayward,4.25,0,60,72,50,2023-11-05T05:07:00Z
Hayward,2.91,0,60,75,51,2023-11-05T05:08:00Z
Hayward,3.8,0,64,79,54,2023-11-05T05:09:00Z
Hayward,11.41,0,61,63,53,2023-11-05T05:10:00Z
Hayward,6.93,0,55,62,49,2023-11-05T05:11:00Z
Hayward,11.63,0.03,55,61,40,2023-11-05T05:12:00Z
Hayward,5.14,0,47,60,38,2023-11-05T05:13:00Z
Hayward,4.7,0,50,63,40,2023-11-05T05:14:00Z
Hayward,4.47,0,57,64,50,2023-11-05T05:15:00Z
Hayward,5.82,0,53,65,44,2023-11-05T05:16:00Z
Hayward,6.26,0.02,53,62,45,2023-11-05T05:17:00Z
Hayward,3.8,0,55,62,46,2023-11-05T05:18:00Z
Hayward,2.68,0,53,66,44,2023-11-05T05:19:00Z
Hayward,3.13,0,58,75,48,2023-11-05T05:20:00Z
Hayward,7.16,0.22,62,67,54,2023-11-05T05:21:00Z
Hayward,5.82,0.13,61,66,52,2023-11-05T05:22:00Z
Hayward,5.82,0,55,65,44,2023-11-05T05:23:00Z
Hayward,4.7,0,54,67,44,2023-11-05T05:24:00Z
Hayward,3.8,0,53,64,42,2023-11-05T05:25:00Z
Hayward,4.92,0,51,62,41,2023-11-05T05:26:00Z
Hayward,3.8,0.03,54,62,49,2023-11-05T05:27:00Z
Hayward,5.82,0,53,67,44,2023-11-05T05:28:00Z
Hayward,7.16,0,56,64,46,2023-11-05T05:29:00Z
Hayward,6.04,0,53,67,40,2023-11-05T05:30:00Z
Hayward,3.13,0,53,65,40,2023-11-05T05:31:00Z
Hayward,4.47,0,51,61,39,2023-11-05T05:32:00Z
Hayward,3.36,0,50,62,39,2023-11-05T05:33:00Z
Hayward,3.13,0,51,64,39,2023-11-05T05:34:00Z
Hayward,3.58,0,50,64,42,2023-11-05T05:35:00Z
Hayward,3.36,0,52,65,42,2023-11-05T05:36:00Z
Hayward,2.24,0,53,65,43,2023-11-05T05:37:00Z
Hayward,2.68,0,53,66,43,2023-11-05T05:38:00Z
Hayward,3.8,0,53,64,43,2023-11-05T05:39:00Z
Hayward,3.36,0,51,62,42,2023-11-05T05:40:00Z
Hayward,6.71,0,58,76,41,2023-11-05T05:41:00Z
Hayward,3.13,0,58,72,46,2023-11-05T05:42:00Z
Hayward,4.03,0,57,70,43,2023-11-05T05:43:00Z
Hayward,4.03,0,55,65,45,2023-11-05T05:44:00Z
Hayward,6.49,0.3,52,56,49,2023-11-05T05:45:00Z
Hayward,6.93,0.04,56,59,48,2023-11-05T05:46:00Z
Hayward,6.71,0.56,54,61,48,2023-11-05T05:47:00Z
Hayward,4.03,0,51,58,42,2023-11-05T05:48:00Z
Hayward,3.13,0,50,59,43,2023-11-05T05:49:00Z
Hayward,3.8,0,51,60,44,2023-11-05T05:50:00Z
Hayward,7.61,0.58,56,59,46,2023-11-05T05:51:00Z
Hayward,2.46,0,50,61,41,2023-11-05T05:52:00Z
Hayward,4.92,0,50,63,39,2023-11-05T05:53:00Z
Hayward,4.25,0,50,61,40,2023-11-05T05:54:00Z
Hayward,2.46,0,50,60,40,2023-11-05T05:55:00Z
Hayward,5.37,0,53,63,44,2023-11-05T05:56:00Z
Hayward,5.37,0,51,63,40,2023-11-05T05:57:00Z
Hayward,4.92,0,50,57,44,2023-11-05T05:58:00Z
Hayward,8.28,0.04,54,65,46,2023-11-05T05:59:00Z
Hayward,5.82,0,58,61,47,2023-11-05T06:00:00Z
Hayward,4.47,0,52,63,45,2023-11-05T06:01:00Z
Hayward,4.25,0.12,53,59,45,2023-11-05T06:02:00Z
Hayward,4.03,0,49,60,40,2023-11-05T06:03:00Z
Hayward,4.7,0.06,48,57,38,2023-11-05T06:04:00Z
Hayward,5.82,0.06,53,61,46,2023-11-05T06:05:00Z
Hayward,4.47,0,50,62,41,2023-11-05T06:06:00Z
Hayward,1.57,0.07,53,57,51,2023-11-05T06:07:00Z
Hayward,2.68,0,52,57,49,2023-11-05T06:08:00Z
Hayward,7.61,0.41,55,62,46,2023-11-05T06:09:00Z
Hayward,2.68,0,51,59,44,2023-11-05T06:10:00Z
Hayward,3.58,0,49,59,41,2023-11-05T06:11:00Z
Hayward,5.37,0,52,61,45,2023-11-05T06:12:00Z
Hayward,4.25,0,53,61,47,2023-11-05T06:13:00Z
Hayward,4.03,0,51,60,41,2023-11-05T06:14:00Z
Hayward,5.37,0,51,62,43,2023-11-05T06:15:00Z
Hayward,4.03,0,52,61,43,2023-11-05T06:16:00Z
Hayward,2.68,0,53,62,48,2023-11-05T06:17:00Z
Hayward,3.36,0,54,67,47,2023-11-05T06:18:00Z
Hayward,3.13,0,57,67,46,2023-11-05T06:19:00Z
Hayward,3.13,0,53,66,44,2023-11-05T06:20:00Z
Hayward,2.24,0,57,68,47,2023-11-05T06:21:00Z
Hayward,2.68,0,56,71,45,2023-11-05T06:22:00Z
Hayward,8.28,0,61,79,49,2023-11-05T06:23:00Z
Hayward,15.21,0,62,67,48,2023-11-05T06:24:00Z
Hayward,3.8,0,55,64,42,2023-11-05T06:25:00Z
Hayward,4.92,0,50,59,38,2023-11-05T06:26:00Z
Hayward,6.26,0.02,49,53,44,2023-11-05T06:27:00Z
Hayward,5.59,0,48,57,42,2023-11-05T06:28:00Z
Hayward,8.95,0.17,47,52,39,2023-11-05T06:29:00Z
Hayward,12.53,0,47,54,40,2023-11-05T06:30:00Z
Hayward,12.97,0.29,43,51,32,2023-11-05T06:31:00Z
Hayward,12.08,0.5,49,54,45,2023-11-05T06:32:00Z
Hayward,8.05,1.28,50,55,47,2023-11-05T06:33:00Z
Hayward,3.36,0.16,49,55,43,2023-11-05T06:34:00Z
Hayward,3.13,0,49,60,44,2023-11-05T06:35:00Z
Hayward,3.58,0,55,64,48,2023-11-05T06:36:00Z
Hayward,8.5,0.15,54,65,43,2023-11-05T06:37:00Z
Hayward,5.82,0.23,56,59,46,2023-11-05T06:38:00Z
Hayward,5.82,0,49,57,39,2023-11-05T06:39:00Z
Hayward,3.8,0,50,63,39,2023-11-05T06:40:00Z
Hayward,3.8,0,51,66,40,2023-11-05T06:41:00Z
Hayward,4.03,0,52,66,42,2023-11-05T06:42:00Z
Hayward,3.36,0,52,66,41,2023-11-05T06:43:00Z
Hayward,3.36,0,50,58,42,2023-11-05T06:44:00Z
Hayward,3.36,0,53,57,49,2023-11-05T06:45:00Z
Hayward,3.8,0,52,59,45,2023-11-05T06:46:00Z
Hayward,4.92,0.58,51,59,46,2023-11-05T06:47:00Z
Hayward,9.17,0.01,53,58,49,2023-11-05T06:48:00Z
Hayward,10.29,0,54,59,48,2023-11-05T06:49:00Z
Hayward,4.25,0.08,49,56,41,2023-11-05T06:50:00Z
Hayward,9.17,0.22,53,57,49,2023-11-05T06:51:00Z
Hayward,4.7,0,50,57,41,2023-11-05T06:52:00Z
Hayward,5.82,0,50,64,39,2023-11-05T06:53:00Z
Hayward,4.92,0,51,63,40,2023-11-05T06:54:00Z
Hayward,7.16,0.02,55,61,49,2023-11-05T06:55:00Z
Hayward,9.17,0.04,53,61,47,2023-11-05T06:56:00Z
Hayward,4.47,0,51,62,39,2023-11-05T06:57:00Z
Hayward,5.82,0,56,71,43,2023-11-05T06:58:00Z
Hayward,3.58,0,58,80,46,2023-11-05T06:59:00Z
Hayward,5.37,0,56,72,42,2023-11-05T07:00:00Z
Hayward,4.92,0,57,64,43,2023-11-05T07:01:00Z
Hayward,6.26,0,51,61,42,2023-11-05T07:02:00Z
Hayward,6.71,0,51,64,38,2023-11-05T07:03:00Z
Hayward,3.58,0,54,70,40,2023-11-05T07:04:00Z
Hayward,4.25,0,54,68,42,2023-11-05T07:05:00Z
Hayward,5.14,0,53,63,43,2023-11-05T07:06:00Z
Hayward,5.59,0,53,63,45,2023-11-05T07:07:00Z
Hayward,4.7,0,51,62,41,2023-11-05T07:08:00Z
Hayward,7.38,0.22,53,65,42,2023-11-05T07:09:00Z
Hayward,7.83,0.01,53,58,44,2023-11-05T07:10:00Z
Hayward,7.61,0,49,59,39,2023-11-05T07:11:00Z
Hayward,8.72,0,52,58,45,2023-11-05T07:12:00Z
Hayward,8.95,0.17,51,58,44,2023-11-05T07:13:00Z
Hayward,7.61,0.64,47,53,43,2023-11-05T07:14:00Z
Hayward,5.82,0.18,47,57,43,2023-11-05T07:15:00Z
Hayward,6.26,0,50,63,40,2023-11-05T07:16:00Z
Hayward,10.07,0,52,55,48,2023-11-05T07:17:00Z
Hayward,10.96,0.2,51,59,46,2023-11-05T07:18:00Z
Hayward,12.53,0,49,54,40,2023-11-05T07:19:00Z
Hayward,7.61,0,47,55,37,2023-11-05T07:20:00Z
Hayward,4.25,0,47,55,38,2023-11-05T07:21:00Z
Hayward,6.49,0.39,52,58,49,2023-11-05T07:22:00Z
Hayward,7.38,0,54,61,48,2023-11-05T07:23:00Z
Hayward,8.05,0,51,58,40,2023-11-05T07:24:00Z
Hayward,8.5,0,50,63,39,2023-11-05T07:25:00Z
Hayward,10.96,0,52,62,47,2023-11-05T07:26:00Z
Hayward,10.96,0,54,67,42,2023-11-05T07:27:00Z
Hayward,8.95,0,59,67,45,2023-11-05T07:28:00Z
Hayward,10.07,0,53,59,47,2023-11-05T07:29:00Z
Hayward,6.71,0,53,69,41,2023-11-05T07:30:00Z
Hayward,5.59,0,57,74,44,2023-11-05T07:31:00Z
Hayward,6.04,0,59,74,46,2023-11-05T07:32:00Z
Hayward,7.83,0,54,61,45,2023-11-05T07:33:00Z
Hayward,4.92,0,56,79,43,2023-11-05T07:34:00Z
Hayward,5.59,0,63,81,49,2023-11-05T07:35:00Z
Hayward,5.14,0,66,83,50,2023-11-05T07:36:00Z
Hayward,8.05,0,59,65,47,2023-11-05T07:37:00Z
Hayward,9.62,0,53,61,51,2023-11-05T07:38:00Z
Hayward,9.4,0,54,61,51,2023-11-05T07:39:00Z
Hayward,8.95,0,53,58,50,2023-11-05T07:40:00Z
Hayward,8.05,0,53,62,50,2023-11-05T07:41:00Z
Hayward,10.51,0,52,59,49,2023-11-05T07:42:00Z
Hayward,7.61,0,53,62,50,2023-11-05T07:43:00Z
Hayward,12.75,0,53,58,49,2023-11-05T07:44:00Z
Hayward,8.28,0,53,66,49,2023-11-05T07:45:00Z
Hayward,6.71,0,54,70,44,2023-11-05T07:46:00Z
Hayward,7.38,0,54,69,47,2023-11-05T07:47:00Z
Hayward,10.96,0,54,60,49,2023-11-05T07:48:00Z
Hayward,7.61,0,55,67,46,2023-11-05T07:49:00Z
Hayward,8.05,0,55,65,45,2023-11-05T07:50:00Z
Hayward,7.61,0,53,63,48,2023-11-05T07:51:00Z
Hayward,6.04,0,54,65,50,2023-11-05T07:52:00Z
Hayward,5.59,0,60,79,47,2023-11-05T07:53:00Z
Hayward,8.72,0,55,62,49,2023-11-05T07:54:00Z
Hayward,12.3,0,54,58,51,2023-11-05T07:55:00Z
Hayward,8.05,0,54,62,50,2023-11-05T07:56:00Z
Hayward,10.74,0,54,60,51,2023-11-05T07:57:00Z
Hayward,10.74,0,52,64,51,2023-11-05T07:58:00Z
Hayward,8.95,0,56,65,50,2023-11-05T07:59:00Z
Hayward,8.05,0.06,55,59,49,2023-11-05T08:00:00Z
Hayward,8.72,0,52,61,45,2023-11-05T08:01:00Z
Hayward,6.04,0,53,68,44,2023-11-05T08:02:00Z
Hayward,6.26,0,61,80,47,2023-11-05T08:03:00Z
Hayward,6.93,0,60,68,50,2023-11-05T08:04:00Z
Hayward,9.4,0,57,64,50,2023-11-05T08:05:00Z
Hayward,10.07,0,56,62,52,2023-11-05T08:06:00Z
Hayward,9.62,0,57,68,51,2023-11-05T08:07:00Z
Hayward,6.26,0,61,78,49,2023-11-05T08:08:00Z
Hayward,6.26,0,64,78,54,2023-11-05T08:09:00Z
Hayward,7.38,0,62,75,52,2023-11-05T08:10:00Z
Hayward,8.72,0,55,63,51,2023-11-05T08:11:00Z
Hayward,8.72,0,57,67,52,2023-11-05T08:12:00Z
Hayward,6.26,0,60,77,48,2023-11-05T08:13:00Z
Hayward,6.71,0,64,75,53,2023-11-05T08:14:00Z
Hayward,6.26,0,63,81,52,2023-11-05T08:15:00Z
Hayward,5.82,0,64,77,53,2023-11-05T08:16:00Z
Hayward,8.05,0,59,71,49,2023-11-05T08:17:00Z
Hayward,7.83,0,57,67,52,2023-11-05T08:18:00Z
Hayward,11.86,0,55,60,51,2023-11-05T08:19:00Z
Hayward,9.84,0.03,54,61,51,2023-11-05T08:20:00Z
Hayward,10.51,0,57,64,53,2023-11-05T08:21:00Z
Hayward,11.41,0,56,61,52,2023-11-05T08:22:00Z
Hayward,10.74,0,58,68,53,2023-11-05T08:23:00Z
Hayward,17,0,56,63,51,2023-11-05T08:24:00Z
Hayward,11.41,0,56,65,47,2023-11-05T08:25:00Z
Hayward,9.84,0,57,64,49,2023-11-05T08:26:00Z
Hayward,8.72,0,57,70,46,2023-11-05T08:27:00Z
Hayward,9.4,0,56,63,52,2023-11-05T08:28:00Z
Hayward,8.28,0,57,68,50,2023-11-05T08:29:00Z
Hayward,8.5,0,58,63,54,2023-11-05T08:30:00Z
Hayward,8.95,0,58,68,50,2023-11-05T08:31:00Z
Hayward,8.5,0,57,66,52,2023-11-05T08:32:00Z
Hayward,9.4,0,59,67,53,2023-11-05T08:33:00Z
Hayward,11.86,0,56,61,53,2023-11-05T08:34:00Z
Hayward,5.82,0,60,77,53,2023-11-05T08:35:00Z
Hayward,6.04,0,65,83,54,2023-11-05T08:36:00Z
Hayward,9.17,0,63,73,52,2023-11-05T08:37:00Z
Hayward,8.5,0,58,68,53,2023-11-05T08:38:00Z
Hayward,6.93,0,60,77,54,2023-11-05T08:39:00Z
Hayward,7.61,0,59,67,54,2023-11-05T08:40:00Z
Hayward,6.93,0,60,74,53,2023-11-05T08:41:00Z
Hayward,7.16,0,60,69,52,2023-11-05T08:42:00Z
Hayward,13.42,0,59,64,54,2023-11-05T08:43:00Z
Hayward,12.53,0,58,65,53,2023-11-05T08:44:00Z
Hayward,12.3,0,58,64,53,2023-11-05T08:45:00Z
Hayward,10.74,0,58,67,52,2023-11-05T08:46:00Z
Hayward,8.5,0,61,71,54,2023-11-05T08:47:00Z
Hayward,8.28,0,66,78,61,2023-11-05T08:48:00Z
Hayward,7.83,0,65,75,59,2023-11-05T08:49:00Z
Hayward,10.96,0,66,72,58,2023-11-05T08:50:00Z
Hayward,7.38,0,63,74,55,2023-11-05T08:51:00Z
Hayward,6.49,0,69,88,56,2023-11-05T08:52:00Z
Hayward,5.82,0,74,96,62,2023-11-05T08:53:00Z
Hayward,6.26,0,72,88,59,2023-11-05T08:54:00Z
Hayward,8.28,0,68,80,56,2023-11-05T08:55:00Z
Hayward,9.17,0,63,76,55,2023-11-05T08:56:00Z
Hayward,9.4,0,63,73,58,2023-11-05T08:57:00Z
Hayward,9.4,0,66,74,61,2023-11-05T08:58:00Z
Hayward,10.29,0,66,73,60,2023-11-05T08:59:00Z
Hayward,10.74,0,63,72,59,2023-11-05T09:00:00Z
Hayward,10.29,0,62,70,57,2023-11-05T09:01:00Z
Hayward,9.4,0,62,72,58,2023-11-05T09:02:00Z
Hayward,9.17,0,61,67,57,2023-11-05T09:03:00Z
Hayward,8.72,0,60,67,57,2023-11-05T09:04:00Z
Hayward,7.38,0,62,70,58,2023-11-05T09:05:00Z
Hayward,12.97,0,63,69,58,2023-11-05T09:06:00Z
Hayward,10.96,0,63,73,59,2023-11-05T09:07:00Z
Hayward,9.17,0,63,74,59,2023-11-05T09:08:00Z
Hayward,9.84,0,62,71,58,2023-11-05T09:09:00Z
Hayward,9.17,0,64,72,59,2023-11-05T09:10:00Z
Hayward,8.95,0,63,73,58,2023-11-05T09:11:00Z
Hayward,9.84,0,60,66,56,2023-11-05T09:12:00Z
Hayward,10.74,0,59,65,55,2023-11-05T09:13:00Z
Hayward,5.37,0,64,82,57,2023-11-05T09:14:00Z
Hayward,8.72,0,70,82,57,2023-11-05T09:15:00Z
Hayward,7.61,0,64,77,55,2023-11-05T09:16:00Z
Hayward,9.4,0,62,68,56,2023-11-05T09:17:00Z
Hayward,12.08,0,59,65,55,2023-11-05T09:18:00Z
Hayward,11.86,0,59,68,56,2023-11-05T09:19:00Z
Hayward,9.17,0,62,72,57,2023-11-05T09:20:00Z
Hayward,11.41,0,60,66,55,2023-11-05T09:21:00Z
Hayward,7.61,0,61,73,55,2023-11-05T09:22:00Z
Hayward,7.38,0,63,77,56,2023-11-05T09:23:00Z
Hayward,6.71,0,65,81,55,2023-11-05T09:24:00Z
Hayward,7.83,0,66,76,58,2023-11-05T09:25:00Z
Hayward,7.16,0,61,69,58,2023-11-05T09:26:00Z
Hayward,7.61,0,62,71,56,2023-11-05T09:27:00Z
Hayward,7.83,0,62,69,56,2023-11-05T09:28:00Z
Hayward,6.49,0,63,78,54,2023-11-05T09:29:00Z
Hayward,7.61,0,63,76,55,2023-11-05T09:30:00Z
Hayward,8.05,0,64,75,56,2023-11-05T09:31:00Z
Hayward,7.61,0,63,74,57,2023-11-05T09:32:00Z
Hayward,7.16,0,66,83,59,2023-11-05T09:33:00Z
Hayward,8.05,0,66,79,57,2023-11-05T09:34:00Z
Hayward,6.93,0,66,79,58,2023-11-05T09:35:00Z
Hayward,8.5,0,65,78,57,2023-11-05T09:36:00Z
Hayward,7.83,0,65,78,58,2023-11-05T09:37:00Z
Hayward,10.07,0,64,73,58,2023-11-05T09:38:00Z
Hayward,8.5,0,65,75,57,2023-11-05T09:39:00Z
Hayward,8.05,0,63,75,57,2023-11-05T09:40:00Z
Hayward,9.17,0,62,69,57,2023-11-05T09:41:00Z
Hayward,9.4,0,62,67,58,2023-11-05T09:42:00Z
Hayward,5.82,0,66,79,60,2023-11-05T09:43:00Z
Hayward,6.71,0,65,79,59,2023-11-05T09:44:00Z
Hayward,7.61,0,65,78,59,2023-11-05T09:45:00Z
Hayward,7.83,0,64,78,58,2023-11-05T09:46:00Z
Hayward,7.16,0,65,81,58,2023-11-05T09:47:00Z
Hayward,8.28,0,67,78,59,2023-11-05T09:48:00Z
Hayward,7.38,0,65,76,59,2023-11-05T09:49:00Z
Hayward,6.71,0,65,73,59,2023-11-05T09:50:00Z
Hayward,7.83,0,65,74,60,2023-11-05T09:51:00Z
Hayward,6.26,0,65,77,60,2023-11-05T09:52:00Z
Hayward,6.04,0,65,75,60,2023-11-05T09:53:00Z
Hayward,7.83,0,65,71,60,2023-11-05T09:54:00Z
Hayward,5.82,0,65,76,58,2023-11-05T09:55:00Z
Hayward,6.93,0,65,74,60,2023-11-05T09:56:00Z
Hayward,7.16,0,64,74,60,2023-11-05T09:57:00Z
Hayward,8.5,0,65,71,60,2023-11-05T09:58:00Z
Hayward,7.38,0,63,73,57,2023-11-05T09:59:00Z
Hayward,6.71,0,63,74,58,2023-11-05T10:00:00Z
Hayward,8.05,0,63,73,58,2023-11-05T10:01:00Z
Hayward,7.83,0,62,72,57,2023-11-05T10:02:00Z
Hayward,5.82,0,64,80,55,2023-11-05T10:03:00Z
Hayward,4.7,0,71,92,59,2023-11-05T10:04:00Z
Hayward,4.7,0,75,93,60,2023-11-05T10:05:00Z
Hayward,6.71,0,70,82,58,2023-11-05T10:06:00Z
Hayward,7.16,0,64,78,56,2023-11-05T10:07:00Z
Hayward,6.93,0,63,74,55,2023-11-05T10:08:00Z
Hayward,9.4,0,63,71,57,2023-11-05T10:09:00Z
Hayward,7.16,0,62,70,57,2023-11-05T10:10:00Z
Hayward,7.16,0,62,72,55,2023-11-05T10:11:00Z
Hayward,5.37,0,61,79,52,2023-11-05T10:12:00Z
Hayward,4.03,0,65,86,53,2023-11-05T10:13:00Z
Hayward,3.58,0,68,89,56,2023-11-05T10:14:00Z
Hayward,5.14,0,69,77,59,2023-11-05T10:15:00Z
Hayward,5.37,0,69,84,61,2023-11-05T10:16:00Z
Hayward,7.38,0,65,73,60,2023-11-05T10:17:00Z
Hayward,6.49,0.01,64,71,60,2023-11-05T10:18:00Z
Hayward,5.82,0,64,75,56,2023-11-05T10:19:00Z
Hayward,4.92,0,65,82,56,2023-11-05T10:20:00Z
Hayward,5.82,0,66,80,58,2023-11-05T10:21:00Z
Hayward,6.04,0,65,78,56,2023-11-05T10:22:00Z
Hayward,8.05,0,62,73,57,2023-11-05T10:23:00Z
Hayward,8.5,0,61,69,58,2023-11-05T10:24:00Z
Hayward,8.05,0,62,71,58,2023-11-05T10:25:00Z
Hayward,7.83,0,63,71,58,2023-11-05T10:26:00Z
Hayward,8.05,0,66,73,59,2023-11-05T10:27:00Z
Hayward,4.92,0,66,86,55,2023-11-05T10:28:00Z
Hayward,6.04,0,73,93,60,2023-11-05T10:29:00Z
Hayward,5.82,0,71,80,56,2023-11-05T10:30:00Z
Hayward,4.25,0,64,84,53,2023-11-05T10:31:00Z
Hayward,5.37,0,67,78,57,2023-11-05T10:32:00Z
Hayward,8.05,0,62,69,58,2023-11-05T10:33:00Z
Hayward,8.5,0,62,66,58,2023-11-05T10:34:00Z
Hayward,7.61,0,63,71,59,2023-11-05T10:35:00Z
Hayward,7.61,0,64,74,55,2023-11-05T10:36:00Z
Hayward,5.59,0,62,75,52,2023-11-05T10:37:00Z
Hayward,4.25,0,65,85,53,2023-11-05T10:38:00Z
Hayward,4.25,0,69,89,56,2023-11-05T10:39:00Z
Hayward,3.8,0,70,89,56,2023-11-05T10:40:00Z
Hayward,4.7,0,71,90,58,2023-11-05T10:41:00Z
Hayward,4.7,0,71,88,59,2023-11-05T10:42:00Z
Hayward,8.5,0,64,72,55,2023-11-05T10:43:00Z
Hayward,7.83,0,61,66,57,2023-11-05T10:44:00Z
Hayward,9.17,0,59,64,56,2023-11-05T10:45:00Z
Hayward,12.3,0,58,65,55,2023-11-05T10:46:00Z
Hayward,6.26,0,61,76,53,2023-11-05T10:47:00Z
Hayward,5.59,0,61,74,50,2023-11-05T10:48:00Z
Hayward,12.53,0,60,72,53,2023-11-05T10:49:00Z
Hayward,10.07,0,61,72,50,2023-11-05T10:50:00Z
Hayward,5.14,0,55,62,46,2023-11-05T10:51:00Z
Hayward,5.37,0,58,73,48,2023-11-05T10:52:00Z
Hayward,4.92,0,62,81,51,2023-11-05T10:53:00Z
Hayward,3.36,0,66,85,52,2023-11-05T10:54:00Z
Hayward,8.28,0.02,61,69,49,2023-11-05T10:55:00Z
Hayward,8.5,0,56,62,50,2023-11-05T10:56:00Z
Hayward,7.16,0,55,71,46,2023-11-05T10:57:00Z
Hayward,7.61,0.29,62,68,58,2023-11-05T10:58:00Z
Hayward,8.05,0.02,65,73,62,2023-11-05T10:59:00Z
Hayward,8.5,0.6,63,65,56,2023-11-05T11:00:00Z
Hayward,6.04,0.31,59,66,55,2023-11-05T11:01:00Z
Hayward,14.09,3.32,60,62,56,2023-11-05T11:02:00Z
Hayward,9.84,0.46,58,63,53,2023-11-05T11:03:00Z
Hayward,5.14,0,58,67,52,2023-11-05T11:04:00Z
Hayward,4.25,0,61,74,54,2023-11-05T11:05:00Z
Hayward,3.8,0,64,77,56,2023-11-05T11:06:00Z
Hayward,4.03,0,64,77,54,2023-11-05T11:07:00Z
Hayward,5.59,0,61,65,57,2023-11-05T11:08:00Z
Hayward,5.37,0,59,66,55,2023-11-05T11:09:00Z
Hayward,7.16,0.18,61,66,60,2023-11-05T11:10:00Z
Hayward,4.47,0.02,62,71,58,2023-11-05T11:11:00Z
Hayward,3.36,0,62,72,53,2023-11-05T11:12:00Z
Hayward,6.04,0.06,62,67,53,2023-11-05T11:13:00Z
Hayward,4.7,0,57,65,49,2023-11-05T11:14:00Z
Hayward,4.92,0,57,65,52,2023-11-05T11:15:00Z
Hayward,5.82,0,55,63,44,2023-11-05T11:16:00Z
Hayward,5.14,0.26,53,64,45,2023-11-05T11:17:00Z
Hayward,9.17,0.15,58,67,53,2023-11-05T11:18:00Z
Hayward,4.47,0,60,66,55,2023-11-05T11:19:00Z
Hayward,4.7,0,60,71,52,2023-11-05T11:20:00Z
Hayward,4.03,0,61,73,51,2023-11-05T11:21:00Z
Hayward,3.36,0,60,72,51,2023-11-05T11:22:00Z
Hayward,5.37,0,60,69,52,2023-11-05T11:23:00Z
Hayward,4.03,0,57,62,52,2023-11-05T11:24:00Z
Hayward,3.13,0,58,65,52,2023-11-05T11:25:00Z
Hayward,4.47,0,56,67,47,2023-11-05T11:26:00Z
Hayward,3.36,0,55,62,48,2023-11-05T11:27:00Z
Hayward,4.7,0.03,57,64,53,2023-11-05T11:28:00Z
Hayward,4.92,0,59,69,50,2023-11-05T11:29:00Z
Hayward,5.37,0,56,70,45,2023-11-05T11:30:00Z
Hayward,3.36,0,56,68,43,2023-11-05T11:31:00Z
Hayward,3.58,0,55,65,46,2023-11-05T11:32:00Z
Hayward,3.58,0,53,70,41,2023-11-05T11:33:00Z
Hayward,3.36,0,53,63,42,2023-11-05T11:34:00Z
Hayward,4.25,0,56,65,46,2023-11-05T11:35:00Z
Hayward,4.03,0,55,69,46,2023-11-05T11:36:00Z
Hayward,3.36,0,58,67,49,2023-11-05T11:37:00Z
Hayward,2.91,0,58,67,48,2023-11-05T11:38:00Z
Hayward,3.13,0,56,68,48,2023-11-05T11:39:00Z
Hayward,3.8,0,58,69,49,2023-11-05T11:40:00Z
Hayward,3.13,0,57,67,47,2023-11-05T11:41:00Z
Hayward,2.01,0,55,56,53,2023-11-05T11:42:00Z
Hayward,3.8,0,55,58,53,2023-11-05T11:43:00Z
Hayward,3.8,0,53,59,48,2023-11-05T11:44:00Z
Hayward,2.01,0.01,50,54,45,2023-11-05T11:45:00Z
Hayward,4.7,0.02,54,61,49,2023-11-05T11:46:00Z
Hayward,5.59,0,53,56,49,2023-11-05T11:47:00Z
Hayward,8.28,0.03,54,58,43,2023-11-05T11:48:00Z
Hayward,3.58,0,48,55,40,2023-11-05T11:49:00Z
Hayward,4.03,0,46,57,36,2023-11-05T11:50:00Z
Hayward,14.32,0.26,50,57,47,2023-11-05T11:51:00Z
Hayward,11.41,1.82,54,57,45,2023-11-05T11:52:00Z
Hayward,6.71,0.15,49,53,41,2023-11-05T11:53:00Z
Hayward,14.54,0.05,47,54,43,2023-11-05T11:54:00Z
Hayward,5.82,0.64,52,57,45,2023-11-05T11:55:00Z
Hayward,5.37,0,48,57,40,2023-11-05T11:56:00Z
Hayward,9.17,0,46,53,39,2023-11-05T11:57:00Z
Hayward,6.93,0,44,55,38,2023-11-05T11:58:00Z
Hayward,10.96,0,47,56,44,2023-11-05T11:59:00Z
Hayward,7.61,0.17,47,56,41,2023-11-05T12:00:00Z
Hayward,4.7,0.25,49,58,46,2023-11-05T12:01:00Z
Hayward,4.7,0.75,56,60,52,2023-11-05T12:02:00Z
Hayward,9.17,0.25,53,55,50,2023-11-05T12:03:00Z
Hayward,10.51,0.61,51,54,44,2023-11-05T12:04:00Z
Hayward,7.16,0.11,46,51,40,2023-11-05T12:05:00Z
Hayward,10.29,0.62,48,51,43,2023-11-05T12:06:00Z
Hayward,5.14,0.01,45,49,41,2023-11-05T12:07:00Z
Hayward,9.84,0.41,49,53,45,2023-11-05T12:08:00Z
Hayward,6.26,0,47,54,42,2023-11-05T12:09:00Z
Hayward,5.59,0,45,55,37,2023-11-05T12:10:00Z
Hayward,3.8,0,44,54,33,2023-11-05T12:11:00Z
Hayward,3.8,0,43,56,33,2023-11-05T12:12:00Z
Hayward,9.4,0.01,49,56,44,2023-11-05T12:13:00Z
Hayward,4.25,0.27,54,60,52,2023-11-05T12:14:00Z
Hayward,4.25,0,54,59,50,2023-11-05T12:15:00Z
Hayward,3.8,0,55,56,52,2023-11-05T12:16:00Z
Hayward,5.59,0.02,53,57,47,2023-11-05T12:17:00Z
Hayward,4.92,0,50,57,44,2023-11-05T12:18:00Z
Hayward,6.49,0,49,59,40,2023-11-05T12:19:00Z
Hayward,3.13,0,51,62,44,2023-11-05T12:20:00Z
Hayward,2.91,0,52,63,43,2023-11-05T12:21:00Z
Hayward,4.25,0,53,62,44,2023-11-05T12:22:00Z
Hayward,2.91,0,53,60,46,2023-11-05T12:23:00Z
Hayward,3.13,0,51,63,41,2023-11-05T12:24:00Z
Hayward,4.25,0,54,68,43,2023-11-05T12:25:00Z
Hayward,3.58,0,56,60,51,2023-11-05T12:26:00Z
Hayward,2.91,0,54,63,47,2023-11-05T12:27:00Z
Hayward,3.13,0,52,57,43,2023-11-05T12:28:00Z
Hayward,2.91,0,50,58,47,2023-11-05T12:29:00Z
Hayward,2.24,0,50,62,42,2023-11-05T12:30:00Z
Hayward,5.59,0,54,70,41,2023-11-05T12:31:00Z
Hayward,10.07,0,63,70,47,2023-11-05T12:32:00Z
Hayward,4.03,0,52,62,40,2023-11-05T12:33:00Z
Hayward,3.8,0,51,62,41,2023-11-05T12:34:00Z
Hayward,3.8,0,49,59,42,2023-11-05T12:35:00Z
Hayward,4.03,0,48,59,41,2023-11-05T12:36:00Z
Hayward,4.03,0,52,63,40,2023-11-05T12:37:00Z
Hayward,4.25,0,53,69,41,2023-11-05T12:38:00Z
Hayward,2.46,0,52,63,44,2023-11-05T12:39:00Z
Hayward,4.7,0,50,60,41,2023-11-05T12:40:00Z
Hayward,2.01,0,50,57,43,2023-11-05T12:41:00Z
Hayward,7.16,0,50,63,38,2023-11-05T12:42:00Z
Hayward,8.72,0,56,64,44,2023-11-05T12:43:00Z
Hayward,3.58,0,51,64,40,2023-11-05T12:44:00Z
Hayward,4.47,0,51,63,41,2023-11-05T12:45:00Z
Hayward,3.36,0,51,64,42,2023-11-05T12:46:00Z
Hayward,3.13,0,51,64,39,2023-11-05T12:47:00Z
Hayward,3.36,0,52,65,40,2023-11-05T12:48:00Z
Hayward,2.91,0,54,70,42,2023-11-05T12:49:00Z
Hayward,4.25,0,58,76,44,2023-11-05T12:50:00Z
Hayward,3.13,0,61,80,46,2023-11-05T12:51:00Z
Hayward,3.36,0,61,76,49,2023-11-05T12:52:00Z
Hayward,4.25,0,61,73,48,2023-11-05T12:53:00Z
Hayward,3.8,0,61,74,49,2023-11-05T12:54:00Z
Hayward,9.4,0,55,57,50,2023-11-05T12:55:00Z
Hayward,7.61,0,53,63,43,2023-11-05T12:56:00Z
Hayward,6.71,0,54,68,43,2023-11-05T12:57:00Z
Hayward,6.26,0,61,69,47,2023-11-05T12:58:00Z
Hayward,4.92,0,54,67,44,2023-11-05T12:59:00Z
Hayward,3.36,0,55,70,43,2023-11-05T13:00:00Z
Hayward,9.17,0,54,57,45,2023-11-05T13:01:00Z
Hayward,9.84,0,49,58,38,2023-11-05T13:02:00Z
Hayward,12.75,0,49,54,39,2023-11-05T13:03:00Z
Hayward,6.04,0,44,57,33,2023-11-05T13:04:00Z
Hayward,5.82,0,45,58,34,2023-11-05T13:05:00Z
Hayward,5.59,0,47,61,37,2023-11-05T13:06:00Z
Hayward,3.8,0,48,60,37,2023-11-05T13:07:00Z
Hayward,5.82,0,55,69,41,2023-11-05T13:08:00Z
Hayward,4.47,0,57,74,44,2023-11-05T13:09:00Z
Hayward,4.25,0,57,69,44,2023-11-05T13:10:00Z
Hayward,3.8,0,56,70,47,2023-11-05T13:11:00Z
Hayward,2.91,0.05,54,57,49,2023-11-05T13:12:00Z
Hayward,12.53,0.04,54,58,47,2023-11-05T13:13:00Z
Hayward,7.83,0,49,60,41,2023-11-05T13:14:00Z
Hayward,5.82,0,49,61,39,2023-11-05T13:15:00Z
Hayward,6.04,0,51,69,40,2023-11-05T13:16:00Z
Hayward,4.03,0,56,72,41,2023-11-05T13:17:00Z
Hayward,8.28,0,54,63,44,2023-11-05T13:18:00Z
Hayward,7.38,0,54,70,43,2023-11-05T13:19:00Z
Hayward,5.14,0,54,71,40,2023-11-05T13:20:00Z
Hayward,6.71,0,54,65,42,2023-11-05T13:21:00Z
Hayward,7.38,0,56,64,47,2023-11-05T13:22:00Z
Hayward,4.92,0,54,70,43,2023-11-05T13:23:00Z
Hayward,7.38,0.08,59,66,51,2023-11-05T13:24:00Z
Hayward,5.14,0,55,65,49,2023-11-05T13:25:00Z
Hayward,5.82,0,54,60,48,2023-11-05T13:26:00Z
Hayward,5.82,0,53,68,44,2023-11-05T13:27:00Z
Hayward,6.49,0.05,53,56,47,2023-11-05T13:28:00Z
Hayward,7.61,0,53,63,42,2023-11-05T13:29:00Z
Hayward,5.37,0,54,67,45,2023-11-05T13:30:00Z
Hayward,5.37,0,62,82,51,2023-11-05T13:31:00Z
Hayward,5.37,0,58,64,49,2023-11-05T13:32:00Z
Hayward,6.04,0,55,65,46,2023-11-05T13:33:00Z
Hayward,5.37,0,53,64,48,2023-11-05T13:34:00Z
Hayward,5.82,0,54,66,44,2023-11-05T13:35:00Z
Hayward,8.05,0.08,56,66,50,2023-11-05T13:36:00Z
Hayward,8.5,0.43,57,63,49,2023-11-05T13:37:00Z
Hayward,9.17,0,54,57,51,2023-11-05T13:38:00Z
Hayward,10.29,0,52,58,50,2023-11-05T13:39:00Z
Hayward,5.82,0,53,64,47,2023-11-05T13:40:00Z
Hayward,6.71,0,55,71,45,2023-11-05T13:41:00Z
Hayward,5.37,0,56,72,46,2023-11-05T13:42:00Z
Hayward,8.5,0,58,65,47,2023-11-05T13:43:00Z
Hayward,9.62,0,56,65,50,2023-11-05T13:44:00Z
Hayward,7.38,0,57,68,48,2023-11-05T13:45:00Z
Hayward,5.59,0,60,81,47,2023-11-05T13:46:00Z
Hayward,4.92,0,69,89,53,2023-11-05T13:47:00Z
Hayward,6.71,0,68,74,53,2023-11-05T13:48:00Z
Hayward,7.16,0,57,67,47,2023-11-05T13:49:00Z
Hayward,10.07,0,57,67,45,2023-11-05T13:50:00Z
Hayward,18.34,0.13,53,57,46,2023-11-05T13:51:00Z
Hayward,12.97,0,50,58,41,2023-11-05T13:52:00Z
Hayward,7.83,0,50,59,42,2023-11-05T13:53:00Z
Hayward,8.28,0.11,54,59,51,2023-11-05T13:54:00Z
Hayward,6.93,0.02,54,63,47,2023-11-05T13:55:00Z
Hayward,9.84,0.39,56,61,46,2023-11-05T13:56:00Z
Hayward,7.83,0,50,59,43,2023-11-05T13:57:00Z
Hayward,6.71,0,53,69,41,2023-11-05T13:58:00Z
Hayward,8.5,0.08,59,64,52,2023-11-05T13:59:00Z
Hayward,9.84,0.27,57,68,48,2023-11-05T14:00:00Z
Hayward,9.62,0.19,58,64,52,2023-11-05T14:01:00Z
Hayward,8.72,0,56,62,50,2023-11-05T14:02:00Z
Hayward,6.26,0,56,68,49,2023-11-05T14:03:00Z
Hayward,7.16,0,58,71,51,2023-11-05T14:04:00Z
Hayward,8.5,0,57,69,48,2023-11-05T14:05:00Z
Hayward,10.74,0,56,61,50,2023-11-05T14:06:00Z
Hayward,12.75,0,54,60,49,2023-11-05T14:07:00Z
Hayward,15.21,0,54,60,48,2023-11-05T14:08:00Z
Hayward,6.93,0,54,68,45,2023-11-05T14:09:00Z
Hayward,10.51,0,56,65,49,2023-11-05T14:10:00Z
Hayward,8.5,0,56,67,51,2023-11-05T14:11:00Z
Hayward,10.07,0,55,62,50,2023-11-05T14:12:00Z
Hayward,7.16,0,58,74,45,2023-11-05T14:13:00Z
Hayward,6.26,0,61,79,50,2023-11-05T14:14:00Z
Hayward,7.61,0,56,65,51,2023-11-05T14:15:00Z
Hayward,8.72,0,61,72,56,2023-11-05T14:16:00Z
Hayward,12.53,0,59,64,52,2023-11-05T14:17:00Z
Hayward,15.88,0,55,61,49,2023-11-05T14:18:00Z
Hayward,11.41,0,53,60,47,2023-11-05T14:19:00Z
Hayward,10.74,0,53,60,45,2023-11-05T14:20:00Z
Hayward,9.4,0,52,63,41,2023-11-05T14:21:00Z
Hayward,9.4,0,54,62,47,2023-11-05T14:22:00Z
Hayward,8.05,0,58,70,49,2023-11-05T14:23:00Z
Hayward,6.04,0,61,74,53,2023-11-05T14:24:00Z
Hayward,8.5,0,59,64,53,2023-11-05T14:25:00Z
Hayward,12.08,0,57,62,53,2023-11-05T14:26:00Z
Hayward,8.72,0,57,68,51,2023-11-05T14:27:00Z
Hayward,5.59,0,60,79,50,2023-11-05T14:28:00Z
Hayward,6.71,0,63,69,54,2023-11-05T14:29:00Z
Hayward,8.5,0,61,73,50,2023-11-05T14:30:00Z
Hayward,6.71,0,61,77,49,2023-11-05T14:31:00Z
Hayward,6.49,0,60,71,51,2023-11-05T14:32:00Z
Hayward,6.04,0,61,73,52,2023-11-05T14:33:00Z
Hayward,5.37,0,66,89,53,2023-11-05T14:34:00Z
Hayward,6.93,0,74,86,54,2023-11-05T14:35:00Z
Hayward,9.62,0,61,70,52,2023-11-05T14:36:00Z
Hayward,10.29,0,61,67,54,2023-11-05T14:37:00Z
Hayward,10.74,0,60,71,55,2023-11-05T14:38:00Z
Hayward,9.62,0,61,68,53,2023-11-05T14:39:00Z
Hayward,9.4,0,60,68,51,2023-11-05T14:40:00Z
Hayward 0,60,76,50,1.65396E+18,,2023-11-05T14:41:00Z
Hayward,5.82,0,63,77,51,2023-11-05T14:42:00Z
Hayward,6.71,0,60,68,54,2023-11-05T14:43:00Z
Hayward,8.05,0,61,69,56,2023-11-05T14:44:00Z
Hayward,3.8,0.02,62,71,57,2023-11-05T14:45:00Z
Hayward,7.61,0.07,67,77,61,2023-11-05T14:46:00Z
Hayward,7.16,0,63,69,56,2023-11-05T14:47:00Z
Hayward,7.83,0,60,68,53,2023-11-05T14:48:00Z
Hayward,7.61,0,62,69,56,2023-11-05T14:49:00Z
Hayward,6.04,0,63,79,55,2023-11-05T14:50:00Z
Hayward,6.49,0,71,91,62,2023-11-05T14:51:00Z
Hayward,8.28,0,71,79,61,2023-11-05T14:52:00Z
Hayward,8.5,0,66,75,57,2023-11-05T14:53:00Z
Hayward,8.28,0,61,71,53,2023-11-05T14:54:00Z
Hayward,6.71,0,65,79,54,2023-11-05T14:55:00Z
Hayward,6.04,0,64,74,55,2023-11-05T14:56:00Z
Hayward,13.42,0,60,67,55,2023-11-05T14:57:00Z
Hayward,12.75,0,60,67,55,2023-11-05T14:58:00Z
Hayward,9.4,0,60,67,55,2023-11-05T14:59:00Z
Hayward,6.49,0,62,77,52,2023-11-05T15:00:00Z
Hayward,5.82,0,66,83,54,2023-11-05T15:01:00Z
Hayward,5.82,0,75,98,61,2023-11-05T15:02:00Z
Hayward,6.26,0,77,90,61,2023-11-05T15:03:00Z
Hayward,7.38,0,70,86,59,2023-11-05T15:04:00Z
Hayward,6.93,0,69,84,57,2023-11-05T15:05:00Z
Hayward,8.5,0,65,75,55,2023-11-05T15:06:00Z
Hayward,8.5,0,63,75,54,2023-11-05T15:07:00Z
Hayward,7.61,0,62,74,56,2023-11-05T15:08:00Z
Hayward,7.16,0,62,71,55,2023-11-05T15:09:00Z
Hayward,11.63,0,61,67,56,2023-11-05T15:10:00Z
Hayward,11.63,0,59,64,56,2023-11-05T15:11:00Z
Hayward,10.74,0,59,67,56,2023-11-05T15:12:00Z
Hayward,12.3,0,58,61,56,2023-11-05T15:13:00Z
Hayward,10.51,0,59,64,56,2023-11-05T15:14:00Z
Hayward,7.61,0,63,77,58,2023-11-05T15:15:00Z
Hayward,9.4,0,69,76,64,2023-11-05T15:16:00Z
Hayward,11.41,0,67,73,61,2023-11-05T15:17:00Z
Hayward,9.17,0,63,72,58,2023-11-05T15:18:00Z
Hayward,8.05,0,64,72,57,2023-11-05T15:19:00Z
Hayward,8.05,0,62,69,58,2023-11-05T15:20:00Z
Hayward,5.82,0,66,86,58,2023-11-05T15:21:00Z
Hayward,8.72,0,70,79,59,2023-11-05T15:22:00Z
Hayward,8.95,0,65,76,58,2023-11-05T15:23:00Z
Hayward,10.51,0,66,74,59,2023-11-05T15:24:00Z
Hayward,8.5,0,63,71,57,2023-11-05T15:25:00Z
Hayward,7.61,0,62,69,56,2023-11-05T15:26:00Z
Hayward,6.26,0,64,80,57,2023-11-05T15:27:00Z
Hayward,7.38,0,65,74,57,2023-11-05T15:28:00Z
Hayward,7.83,0,66,80,58,2023-11-05T15:29:00Z
Hayward,9.4,0,63,72,55,2023-11-05T15:30:00Z
Hayward,7.61,0,61,72,56,2023-11-05T15:31:00Z
Hayward,6.93,0,61,71,55,2023-11-05T15:32:00Z
Hayward,7.38,0,62,73,56,2023-11-05T15:33:00Z
Hayward,9.4,0,61,72,55,2023-11-05T15:34:00Z
Hayward,8.05,0,62,76,55,2023-11-05T15:35:00Z
Hayward,9.17,0,61,73,56,2023-11-05T15:36:00Z
Hayward,9.62,0,64,75,58,2023-11-05T15:37:00Z
Hayward,9.62,0,63,72,57,2023-11-05T15:38:00Z
Hayward,8.72,0,61,68,57,2023-11-05T15:39:00Z
Hayward,10.96,0,63,70,59,2023-11-05T15:40:00Z
Hayward,10.51,0,63,70,61,2023-11-05T15:41:00Z
Hayward,8.28,0,64,70,61,2023-11-05T15:42:00Z
Hayward,5.59,0,65,82,60,2023-11-05T15:43:00Z
Hayward,7.16,0,70,81,60,2023-11-05T15:44:00Z
Hayward,6.71,0,66,77,60,2023-11-05T15:45:00Z
Hayward,9.4,0,68,81,61,2023-11-05T15:46:00Z
Hayward,9.17,0,67,77,62,2023-11-05T15:47:00Z
Hayward,8.95,0,67,73,62,2023-11-05T15:48:00Z
Hayward,10.29,0,66,73,62,2023-11-05T15:49:00Z
Hayward,10.51,0,66,74,61,2023-11-05T15:50:00Z
Hayward,10.51,0,67,75,62,2023-11-05T15:51:00Z
Hayward,8.95,0,68,78,64,2023-11-05T15:52:00Z
Hayward,10.07,0,67,74,63,2023-11-05T15:53:00Z
Hayward,8.72,0,66,72,61,2023-11-05T15:54:00Z
Hayward,5.82,0,65,75,57,2023-11-05T15:55:00Z
Hayward,6.71,0,66,82,57,2023-11-05T15:56:00Z
Hayward,5.14,0,67,85,58,2023-11-05T15:57:00Z
Hayward,4.92,0,71,90,58,2023-11-05T15:58:00Z
Hayward,6.71,0,71,83,60,2023-11-05T15:59:00Z
Hayward,7.61,0,66,77,56,2023-11-05T16:00:00Z
Hayward,6.71,0,64,73,59,2023-11-05T16:01:00Z
Hayward,6.93,0,67,83,58,2023-11-05T16:02:00Z
Hayward,8.05,0,66,77,56,2023-11-05T16:03:00Z
Hayward,7.61,0,65,78,58,2023-11-05T16:04:00Z
Hayward,6.71,0,67,82,61,2023-11-05T16:05:00Z
Hayward,6.71,0,65,79,60,2023-11-05T16:06:00Z
Hayward,8.28,0,65,79,60,2023-11-05T16:07:00Z
Hayward,7.83,0,66,78,59,2023-11-05T16:08:00Z
Hayward,7.38,0,65,78,59,2023-11-05T16:09:00Z
Hayward,8.05,0,65,75,60,2023-11-05T16:10:00Z
Hayward,7.83,0,65,75,60,2023-11-05T16:11:00Z
Hayward,7.38,0,65,75,58,2023-11-05T16:12:00Z
Hayward,6.26,0,65,75,59,2023-11-05T16:13:00Z
Hayward,5.82,0,67,81,56,2023-11-05T16:14:00Z
Hayward,6.26,0,64,74,56,2023-11-05T16:15:00Z
Hayward,5.59,0,68,81,59,2023-11-05T16:16:00Z
Hayward,3.58,0,71,94,60,2023-11-05T16:17:00Z
Hayward,2.68,0,80,102,64,2023-11-05T16:18:00Z
Hayward,4.92,0,85,107,70,2023-11-05T16:19:00Z
Hayward,5.37,0,79,98,65,2023-11-05T16:20:00Z
Hayward,4.25,0,80,100,66,2023-11-05T16:21:00Z
Hayward,6.71,0,72,83,61,2023-11-05T16:22:00Z
Hayward,6.49,0,68,79,62,2023-11-05T16:23:00Z
Hayward,5.82,0,72,82,65,2023-11-05T16:24:00Z
Hayward,7.83,0,67,72,61,2023-11-05T16:25:00Z
Hayward,11.41,0,64,70,61,2023-11-05T16:26:00Z
Hayward,8.72,0,65,73,62,2023-11-05T16:27:00Z
Hayward,9.17,0,65,70,61,2023-11-05T16:28:00Z
Hayward,8.5,0,65,74,60,2023-11-05T16:29:00Z
Hayward,9.17,0,62,69,58,2023-11-05T16:30:00Z
Hayward,13.87,0.21,65,71,62,2023-11-05T16:31:00Z
Hayward,6.71,0,65,77,57,2023-11-05T16:32:00Z
Hayward,6.26,0,65,76,56,2023-11-05T16:33:00Z
Hayward,5.14,0.02,66,73,59,2023-11-05T16:34:00Z
Hayward,6.49,0,65,79,57,2023-11-05T16:35:00Z
Hayward,6.04,0,68,86,57,2023-11-05T16:36:00Z
